SMILES	Cluster_ID	Fold
Brc1c(NC2=NCCN2)ccc2nccnc12	24	1
C#CC(O)(C=CCl)CC	233	4
C#CC1(O)C=CC2C3CCC4=CC(=O)CCC4C3CCC21CC	72	1
C#CC1(O)CCC2C3C(C)CC4=C(CCC(=O)C4)C3CCC21C	72	1
C#CC1(O)CCC2C3CCC4=CC(=NO)CCC4C3CCC21CC	72	1
C#CC1(O)CCC2C3CCC4=CC(=O)CCC4C3C(=C)CC21CC	1	1
C#CC1(O)CCC2C3CCC4=CC(=O)CCC4C3CCC21C	1	1
C#CC1(O)CCC2C3CCC4=CC(=O)CCC4C3CCC21CC	1	1
C#CC1(O)CCC2C3CCC4=CC(O)CCC4C3CCC21C	1	1
C#CC1(O)CCC2C3CCC4=CCCCC4C3C(=C)CC21CC	72	1
C#CC1(O)CCC2C3CCC4=CCCCC4C3CCC21C	1	1
C#CC1(O)CCC2C3CCC4=Cc5oncc5CC4(C)C3CCC21C	1	1
C#CC1(O)CCC2C3CCc4cc(O)ccc4C3CCC21C	1	1
C#CC1(O)CCC2C3CCc4cc(OC)ccc4C3CCC21C	1	1
C#CC1(OC(C)=O)CCC2C3CCC4=CC(=NO)CCC4C3CCC21CC	72	1
C#CCC(Cc1cnc2nc(N)nc(N)c2n1)c1ccc(C(=O)NC(CCC(=O)O)C(=O)O)cc1	41	1
C#CCN(C)C(C)Cc1ccccc1	9	4
C#CCNC1CCc2ccccc21	73	4
C#Cc1cccc(Nc2ncnc3cc(OCCOC)c(OCCOC)cc23)c1	50	2
C#Cc1cccc(Nc2ncnc3cc4c(cc23)OCCOCCOCCO4)c1	50	2
C(=Cc1ccccc1)CN1CCN(C(c2ccccc2)c2ccccc2)CC1	52	4
C1=CCOCc2cc(ccc2OCCN2CCCC2)Nc2nccc(n2)-c2cccc(c2)COC1	234	3
C1=Cc2ccccc2NN=C1	150	0
C1CCC(C(CC2CCCCN2)C2CCCCC2)CC1	132	1
C1CCc2nnnn2CC1	235	0
C1COC(NC(C2CC2)C2CC2)=N1	236	4
C1N2CN3CN1CN(C2)C3	237	3
C=C(C#N)C(=O)OCCCC	123	0
C=C(C)C1CCC(C)=CC1c1c(O)cc(CCCCC)cc1O	59	1
C=C(CC)C(=O)c1ccc(OCC(=O)O)c(Cl)c1Cl	238	2
C=C(c1ccc(C(=O)O)cc1)c1cc2c(cc1C)C(C)(C)CCC2(C)C	151	4
C=C1C(=CC=C2CCCC3(C)C2CCC3C(C)C=CC(C)C(C)C)CC(O)CC1O	25	2
C=C1C(=CC=C2CCCC3(C)C2CCC3C(C)C=CC(O)C2CC2)CC(O)CC1O	25	2
C=C1C(=CC=C2CCCC3(C)C2CCC3C(C)CCCC(C)(C)O)CC(O)C(OCCCO)C1O	25	2
C=C1C(=CC=C2CCCC3(C)C2CCC3C(C)CCCC(C)(C)O)CC(O)CC1O	25	2
C=C1C(=CC=C2CCCC3(C)C2CCC3C(C)CCCC(C)C)CC(O)CC1O	25	2
C=C1C(=CC=C2CCCC3(C)C2CCC3C(C)OCCC(C)(C)O)CC(O)CC1O	25	2
C=C1C(CO)C(O)CC1n1cnc2c(=O)[nH]c(N)nc21	10	3
C=C1CC2C(CCC3(C)C(=O)CCC23)C2(C)C=CC(=O)C=C12	1	1
C=C1CC2C3CCC4=CC(=O)CCC4C3CCC2(C)C1(OC(C)=O)C(C)=O	1	1
C=C1CC2CCC34CC5OC6C(OC7CCC(CC(=O)CC8C(CC9OC(CCC1O2)CC(C)C9=C)OC(CC(O)CN)C8OC)OC7C6O3)C5O4	239	1
C=C1CCC(O)CC1=CC=C1CCCC2(C)C1CCC2C(C)C=CC(C)C(C)C	25	2
C=C1CCC(O)CC1=CC=C1CCCC2(C)C1CCC2C(C)CCCC(C)(C)O	25	2
C=C1CCC(O)CC1=CC=C1CCCC2(C)C1CCC2C(C)CCCC(C)C	25	2
C=C1CCC2(O)C3Cc4ccc(O)c5c4C2(CCN3CC2CC2)C1O5	11	0
C=C1CCN(C(C)C(O)(Cn2cncn2)c2ccc(F)cc2F)CC1	79	0
C=C1c2cccc(O)c2C(O)=C2C(=O)C3(O)C(O)=C(C(N)=O)C(=O)C(N(C)C)C3C(O)C12	30	0
C=CC(=O)N1CCC(C2CCNc3c(C(N)=O)c(-c4ccc(Oc5ccccc5)cc4)nn32)CC1	92	3
C=CC(=O)N1CCCC(n2nc(-c3ccc(Oc4ccccc4)cc3)c3c(N)ncnc32)C1	92	3
C=CC(=O)N1CCN(c2nc(=O)n(-c3c(C)ccnc3C(C)C)c3nc(-c4c(O)cccc4F)c(F)cc23)C(C)C1	240	0
C=CC(=O)NC1CN(c2nc(Nc3cn(C)nc3OC)c3ncn(C)c3n2)CC1F	241	4
C=CC(=O)Nc1cc(Nc2ncc(C(=O)OC(C)C)c(-c3cn(C)c4ccccc34)n2)c(OC)cc1N(C)CCN(C)C	242	4
C=CC(=O)Nc1cc(Nc2nccc(-c3cn(C)c4ccccc34)n2)c(OC)cc1N(C)CCN(C)C	26	4
C=CC(=O)Nc1cc(Nc2nccc(-c3cn(C4CC4)c4ccccc34)n2)c(OC)cc1N(C)CCN(C)C	49	1
C=CC(=O)Nc1cc(Nc2nccc(-n3cc(CN(C)C)c(-c4ccccc4)n3)n2)c(OC)cc1N1CCOCC1	26	4
C=CC(N)CCC(=O)O	0	0
C=CC1=C(C(=O)O)N2C(=O)C(NC(=O)C(=NO)c3csc(N)n3)C2SC1	5	4
C=CC1=C(C(=O)O)N2C(=O)C(NC(=O)C(=NOCC(=O)O)c3csc(N)n3)C2SC1	5	4
C=CC1CC1(NC(=O)C1CC(Oc2ncc(OC)c3ccc(Cl)cc23)CN1C(=O)C(NC(=O)OC(C)(C)C)C(C)(C)C)C(=O)NS(=O)(=O)C1CC1	152	3
C=CC1CC1(NC(=O)C1CC2CN1C(=O)C(C(C)(C)C)NC(=O)OC1CC1CCCCCc1nc3ccc(OC)cc3nc1O2)C(=O)NS(=O)(=O)C1CC1	152	3
C=CC1CN2CCC1CC2C(O)c1ccnc2ccc(OC)cc12	243	2
C=CCC1(C(C)C#CCC)C(=O)NC(=O)N(C)C1=O	153	2
C=CCC1(C(C)CCC)C(=O)NC(=S)NC1=O	153	2
C=CCC1(CC(C)C)C(=O)NC(=O)NC1=O	15	3
C=CCCCCCCCCC(=O)OC1CCC2C3CCC4=CC(=O)C=CC4(C)C3CCC12C	1	1
C=CCN1CC(C(=O)N(CCCN(C)C)C(=O)NCC)CC2c3cccc4[nH]cc(c34)CC21	32	4
C=CCN1CCC23c4c5ccc(O)c4OC2C(=O)CCC3(O)C1C5	11	0
C=CCN1CCC23c4c5ccc(O)c4OC2C(OCCOCCOCCOCCOCCOCCOCCOC)CCC3(O)C1C5	11	0
C=CCN1CCCC1CNC(=O)c1cc2[nH]nnc2cc1OC	21	2
C=CCSCC1Nc2cc(Cl)c(S(N)(=O)=O)cc2S(=O)(=O)N1	154	1
C=CC[N+]1(C2CC3C4CCC5CC(O)C(N6CCOCC6)CC5(C)C4CCC3(C)C2OC(C)=O)CCCC1	74	1
C=CCn1c(=O)c2cnc(Nc3ccc(N4CCN(C)CC4)cc3)nc2n1-c1cccc(C(C)(C)O)n1	49	1
C=CN1CCCC1=O	141	4
C=Cc1c(C)c2cc3nc(cc4[nH]c(cc5nc(cc1[nH]2)C(C)=C5CCC(=O)O)c(CCC(=O)OC)c4C)C1(C)C3=CC=C(C(=O)OC)C1C(=O)OC	155	0
C=O	244	1
CC#CC(=O)N1CCC(n2c(=O)n(-c3ccc(Oc4ccccc4)cc3)c3c(N)ncnc32)C1	92	3
CC#CC(=O)N1CCCC1c1nc(-c2ccc(C(=O)Nc3ccccn3)cc2)c2c(N)nccn12	92	3
CC#CC1(O)CCC2C3CCC4=CC(=O)CCC4=C3C(c3ccc(N(C)C)cc3)CC21C	156	0
CC#CCC(C)C(O)C=CC1C(O)CC2CC(=CCCCC(=O)O)CC21	19	1
CC#CCC(C)C(O)C=CC1C(O)CC2Oc3c(CCCC(=O)O)cccc3C21	19	1
CC#CCn1c(N2CCCC(N)C2)nc2c1c(=O)n(Cc1nc(C)c3ccccc3n1)c(=O)n2C	157	4
CC(=C(CCO)SSCC1CCCO1)N(C=O)Cc1cnc(C)nc1N	57	0
CC(=C(CCOC(=O)c1ccccc1)SC(=O)c1ccccc1)N(C=O)Cc1cnc(C)nc1N	6	3
CC(=CC(=O)OCCCCCCCCC(=O)O)CC1OCC(CC2OC2C(C)C(C)O)C(O)C1O	245	0
CC(=Cc1csc(C)n1)C1CC2OC2(C)CCCC(C)C(O)C(C)C(=O)C(C)(C)C(O)CC(=O)N1	246	4
CC(=O)C1(N)Cc2c(O)c3c(c(O)c2C(OC2CC(O)C(O)CO2)C1)C(=O)c1ccccc1C3=O	60	2
CC(=O)C1(O)CCC2C3C=C(C)C4=CC(=O)CCC4C3CCC21C	1	1
CC(=O)C1(O)CCC2C3C=C(Cl)C4=CC(=O)CCC4(C)C3CCC21C	1	1
CC(=O)C1(O)CCC2C3CC(C)C4=CC(=O)C=CC4(C)C3(F)C(O)CC21C	1	1
CC(=O)C1(O)CCC2C3CCC4=CC(=O)CCC4(C)C3CCC21C	1	1
CC(=O)C1(O)CCC2C3CCC4=CC(=O)CCC4=C3C(c3ccc(N(C)C)cc3)CC21C	1	1
CC(=O)C1(O)Cc2c(O)c3c(c(O)c2C(OC2CC(N)C(O)C(C)O2)C1)C(=O)c1ccccc1C3=O	60	2
CC(=O)C1CCC2C3C=CC4=CC(=O)CCC4(C)C3CCC12C	1	1
CC(=O)C1CCC2C3CC=C4CC(O)CCC4(C)C3CCC12C	1	1
CC(=O)C1CCC2C3CCC4=CC(=O)CCC4(C)C3CCC12C	1	1
CC(=O)C1CCC2C3CCC4CC(O)CCC4(C)C3CCC12C	1	1
CC(=O)CC(c1ccc([N+](=O)[O-])cc1)c1c(O)c2ccccc2oc1=O	22	0
CC(=O)CC(c1ccccc1)c1c(O)c2ccccc2oc1=O	100	3
CC(=O)CCC(=O)O	0	0
CC(=O)CCC=C(C)CCC=C(C)CCC=C(C)CCC=C(C)C	247	3
CC(=O)CCCCn1c(=O)c2c(ncn2C)n(C)c1=O	29	2
CC(=O)N(CC(O)CO)c1c(I)c(C(=O)NCCO)c(I)c(C(=O)NCC(O)CO)c1I	93	2
CC(=O)N(O)CCCCCNC(=O)CCC(=O)N(O)CCCCCNC(=O)CCC(=O)N(O)CCCCCN	112	1
CC(=O)N(c1ccccc1)C1CCN(CCc2ccccc2)CC1	0	0
CC(=O)N1CCN(c2ccc(OCC3COC(Cn4ccnc4)(c4ccc(Cl)cc4Cl)O3)cc2)CC1	51	3
CC(=O)N=c1sc(S(N)(=O)=O)nn1C	248	2
CC(=O)NC(CC(C)C)C(=O)O	3	3
CC(=O)NC(CS)C(=O)O	3	3
CC(=O)NC1C(N=C(N)N)C=C(C(=O)O)OC1C(O)C(O)CO	113	2
CC(=O)NC1CC(NC(C)(C)C)CCC1N1CCC(Nc2ncnc3cc(C(C)(C)C)nn23)C1=O	249	1
CC(=O)NCC1CN(c2ccc(N3CCOCC3)c(F)c2)C(=O)O1	56	3
CC(=O)NCCCS(=O)(=O)O	112	1
CC(=O)NO	28	3
CC(=O)NS(=O)(=O)c1ccc(N)cc1	6	3
CC(=O)Nc1c(I)c(NC(C)=O)c(I)c(C(=O)O)c1I	28	3
CC(=O)Nc1ccc(O)cc1	28	3
CC(=O)Nc1ccc(OCC(O)CNC(C)C)c(C(C)=O)c1	7	2
CC(=O)Nc1cccc(-n2c(=O)n(C3CC3)c(=O)c3c(Nc4ccc(I)cc4F)n(C)c(=O)c(C)c32)c1	158	3
CC(=O)Nc1nnc(S(N)(=O)=O)s1	28	3
CC(=O)O	3	3
CC(=O)OC(C)C[N+](C)(C)C	35	1
CC(=O)OC(CC(=O)[O-])C[N+](C)(C)C	35	1
CC(=O)OC1(C(C)=O)CCC2C3C=C(C)C4=CC(=O)CCC4(C)C3CCC21C	1	1
CC(=O)OC1(C(C)=O)CCC2C3C=C(C)C4=CC(=O)CCC4C3CCC21C	1	1
CC(=O)OC1(C(C)=O)CCC2C3C=C(Cl)C4=CC(=O)C5CC5C4(C)C3CCC21C	1	1
CC(=O)OC1(C(C)=O)CCC2C3CC(C)C4=CC(=O)CCC4(C)C3CCC21C	1	1
CC(=O)OC1CC2(C)C(CC(O)C3C4(C)CCC(O)C(C)C4CCC32C)C1=C(CCC=C(C)C)C(=O)O	250	0
CC(=O)OC1CC2CCC1(C)C2(C)C	74	1
CC(=O)OC1CC2CCC3C(CCC4(C)C3CC([N+]3(C)CCCCC3)C4OC(C)=O)C2(C)CC1N1CCCCC1	74	1
CC(=O)OC1CC2CCC3C(CCC4(C)C3CC([N+]3(C)CCCCC3)C4OC(C)=O)C2(C)CC1[N+]1(C)CCCCC1	74	1
CC(=O)OC1CCC2(C)C(=CCC3C2CCC2(C)C(c4cccnc4)=CCC32)C1	1	1
CC(=O)OC1Cc2ccccc2N(C(N)=O)c2ccccc21	69	3
CC(=O)OCC(=O)C1(O)C(C)CC2C3CCC4=CC(=O)C=CC4(C)C3(F)C(O)CC21C	1	1
CC(=O)OCC(=O)C1(O)CCC2C3CCC4=CC(=O)C=CC4(C)C3C(O)CC21C	1	1
CC(=O)OCC(=O)C1(O)CCC2C3CCC4=CC(=O)CCC4(C)C3C(=O)CC21C	1	1
CC(=O)OCC(=O)C1(O)CCC2C3CCC4=CC(=O)CCC4(C)C3C(O)CC21C	1	1
CC(=O)OCC(=O)C12N=C(C)OC1CC1C3CCC4=CC(=O)C=CC4(C)C3C(O)CC12C	1	1
CC(=O)OCC(=O)C12OC(C)(C)OC1CC1C3CC(F)C4=CC(=O)C=CC4(C)C3(F)C(O)CC12C	17	2
CC(=O)OCC(CCn1cnc2cnc(N)nc21)COC(C)=O	251	3
CC(=O)OCC1=C(C(=O)O)N2C(=O)C(NC(=O)CCCC(N)C(=O)O)C2SC1	5	4
CC(=O)OCC1=C(C(=O)O)N2C(=O)C(NC(=O)Cc3cccs3)C2SC1	5	4
CC(=O)OCC1OC(n2ccc(=O)[nH]c2=O)C(OC(C)=O)C1OC(C)=O	97	1
CC(=O)OCC[N+](C)(C)C	35	1
CC(=O)Oc1cc(C)c(OC(C)=O)c2ccccc12	61	0
CC(=O)Oc1cc2c(s1)CCN(C(C(=O)C1CC1)c1ccccc1F)C2	252	2
CC(=O)Oc1ccc(C(c2ccc(OC(C)=O)cc2)c2ccccn2)cc1	61	0
CC(=O)Oc1ccc2c3c1OC1C(OC(C)=O)C=CC4C(C2)N(C)CCC341	11	0
CC(=O)Oc1cccc2c1C(=O)c1c(OC(C)=O)cc(C(=O)O)cc1C2=O	43	4
CC(=O)Oc1ccccc1C(=O)Nc1ncc([N+](=O)[O-])s1	61	0
CC(=O)Oc1ccccc1C(=O)O	0	0
CC(=O)SC1CC2=CC(=O)CCC2(C)C2CCC3(C)C(CCC34CCC(=O)O4)C12	1	1
CC(=O)SCC(Cc1ccccc1)C(=O)NCC(=O)OCc1ccccc1	45	0
CC(=O)[O-]	35	1
CC(=O)c1c(C)c2cnc(Nc3ccc(N4CCNCC4)cn3)nc2n(C2CCCC2)c1=O	159	2
CC(=O)c1cc2c(o1)C(=O)c1ccccc1C2=O	43	4
CC(=O)c1ccc2c(c1)C(NC(=O)c1ccc(F)c(Cl)c1)C(O)C(C)(C)O2	253	2
CC(=O)c1ccc2c(c1)N(CC(C)N(C)C)c1ccccc1S2	2	2
CC(=O)c1ccc2c(c1)N(CCCN(C)C)c1ccccc1S2	2	2
CC(C(=O)Nc1ccc(Cl)cc1)C1CCC(c2ccnc3ccc(F)cc23)CC1	18	4
CC(C(=O)O)c1ccc(-c2ccccc2)c(F)c1	42	2
CC(C(=O)O)c1ccc(C(=O)c2ccccc2)s1	0	0
CC(C(=O)O)c1ccc(CC2CCCC2=O)cc1	160	1
CC(C(=O)O)c1cccc(C(=O)c2ccccc2)c1	0	0
CC(C(O)c1ccc(O)cc1)N1CCC(Cc2ccccc2)CC1	52	4
CC(C(O)c1ccccc1)N(C)C	9	4
CC(C)(C#N)c1cc(Cn2cncn2)cc(C(C)(C)C#N)c1	39	3
CC(C)(C(=O)O)c1ccc(C(O)CCCN2CCC(C(O)(c3ccccc3)c3ccccc3)CC2)cc1	4	4
CC(C)(C(=O)c1cccnc1)c1cccnc1	70	3
CC(C)(C)C(=O)OCOC(=O)C1N2C(=O)C(N=CN3CCCCCC3)C2SC1(C)C	254	0
CC(C)(C)C(=O)OCOP(=O)(COCCn1cnc2c(N)ncnc21)OCOC(=O)C(C)(C)C	34	0
CC(C)(C)C(=O)Oc1ccc(S(=O)(=O)Nc2ccccc2C(=O)NCC(=O)O)cc1	33	4
CC(C)(C)C(NC(=O)C(F)(F)F)C(=O)N1CC2C(C1C(=O)NC(C#N)CC1CCNC1=O)C2(C)C	161	0
CC(C)(C)C(O)C=Cc1ccc2c(c1)OCO2	62	4
CC(C)(C)NC(=O)C1CC2CCCCC2CN1CC(O)C(Cc1ccccc1)NC(=O)C(CC(N)=O)NC(=O)c1ccc2ccccc2n1	45	0
CC(C)(C)NC(=O)C1CCC2C3CCC4NC(=O)C=CC4(C)C3CCC12C	162	4
CC(C)(C)NC(=O)C1CN(Cc2cccnc2)CCN1CC(O)CC(Cc1ccccc1)C(=O)NC1c2ccccc2CC1O	163	3
CC(C)(C)NC(=O)NC(C(=O)N1CC2C(C1C(=O)NC(CC1CCC1)C(=O)C(N)=O)C2(C)C)C(C)(C)C	161	0
CC(C)(C)NCC(O)COc1ccc(NC(=O)NC2CCCCC2)cc1	21	2
CC(C)(C)NCC(O)COc1cccc2c1CC(O)C(O)C2	23	0
CC(C)(C)NCC(O)COc1cccc2c1CCC(=O)N2	23	0
CC(C)(C)NCC(O)COc1cccc2c1CCCC2=O	23	0
CC(C)(C)NCC(O)COc1nsnc1N1CCOCC1	126	2
CC(C)(C)NCC(O)CSc1nc(-c2ccc(C(N)=O)s2)cs1	126	2
CC(C)(C)NCC(O)c1cc(Cl)c(N)c(Cl)c1	7	2
CC(C)(C)NCC(O)c1cc(O)cc(O)c1	7	2
CC(C)(C)NCC(O)c1ccc(O)c(CO)c1	7	2
CC(C)(C)NCC(O)c1ccc(O)c(CO)n1	7	2
CC(C)(C)NCC(O)c1ccccc1Cl	14	1
CC(C)(C)OC(=O)NC1CCCCCC=CC2CC2(C(=O)NS(=O)(=O)C2CC2)NC(=O)C2CC(OC(=O)N3Cc4cccc(F)c4C3)CN2C1=O	94	1
CC(C)(C)OCC1C(=O)NCCN1C(=O)CC(N)Cc1cc(F)c(F)cc1F	164	2
CC(C)(C)c1[nH]cnc1C=c1[nH]c(=O)c(=Cc2ccccc2)[nH]c1=O	255	4
CC(C)(C)c1cc(C(C)(C)C)c(NC(=O)c2c[nH]c3ccccc3c2=O)cc1O	13	0
CC(C)(C)c1cc(NC(=O)Nc2ccc(-c3cn4c(n3)sc3cc(OCCN5CCOCC5)ccc34)cc2)no1	256	3
CC(C)(C)c1ccc(C(=O)CCCN2CCC(OC(c3ccccc3)c3ccccc3)CC2)cc1	4	4
CC(C)(C)c1ccc(C(O)CCCN2CCC(C(O)(c3ccccc3)c3ccccc3)CC2)cc1	4	4
CC(C)(C)c1ccc(CN2CCN(C(c3ccccc3)c3ccc(Cl)cc3)CC2)cc1	52	4
CC(C)(C)c1nc(-c2cccc(NS(=O)(=O)c3c(F)cccc3F)c2F)c(-c2ccnc(N)n2)s1	257	2
CC(C)(CCCCCC(O)CCCCCC(C)(C)C(=O)O)C(=O)O	75	2
CC(C)(CO)C(O)C(=O)NCCC(=O)O	75	2
CC(C)(CO)C(O)C(=O)NCCCO	75	2
CC(C)(CO)c1cc2cc(NC(=O)C3(c4ccc5c(c4)OC(F)(F)O5)CC3)c(F)cc2n1CC(O)CO	258	1
CC(C)(F)CC(NC(c1ccc(-c2ccc(S(C)(=O)=O)cc2)cc1)C(F)(F)F)C(=O)NC1(C#N)CC1	259	0
CC(C)(N)C(=O)NC(COCc1ccccc1)C(=O)N1CCC2(CC1)CN(S(C)(=O)=O)c1ccccc12	165	1
CC(C)(N)Cc1ccccc1	0	0
CC(C)(NC(=O)C1=C(O)C2Oc3c(O)ccc4c3C23CCN(CC2CC2)C(C4)C3(O)C1)c1nc(-c2ccccc2)no1	11	0
CC(C)(O)C(Cl)(Cl)Cl	36	2
CC(C)(O)CNc1nc(Nc2ccnc(C(F)(F)F)c2)nc(-c2cccc(C(F)(F)F)n2)n1	260	4
CC(C)(O)c1cc(Nc2cc(Oc3cn(C4CC4)nc3C3CCOCC3)ccn2)ccn1	261	3
CC(C)(O)c1ccccc1CCC(SCC1(CC(=O)O)CC1)c1cccc(C=Cc2ccc3ccc(Cl)cc3n2)c1	262	2
CC(C)(ON=C(C(=O)NC1C(=O)N2C(C(=O)[O-])=C(C[n+]3ccccc3)CSC12)c1csc(N)n1)C(=O)O	5	4
CC(C)(Oc1ccc(C(=O)c2ccc(Cl)cc2)cc1)C(=O)O	95	0
CC(C)(Oc1ccc(C2CC2(Cl)Cl)cc1)C(=O)O	95	0
CC(C)(Oc1ccc(CCNC(=O)c2ccc(Cl)cc2)cc1)C(=O)O	21	2
CC(C)(S)C(=O)NC(CS)C(=O)O	263	3
CC(C)(S)C(N)C(=O)O	3	3
CC(C)=CCN1CCC2(C)c3cc(O)ccc3CC1C2C	166	1
CC(C)=O	67	1
CC(C)C(=O)N(c1ccc(F)cc1)C1CCN(CCc2ccccc2)CC1	0	0
CC(C)C(=O)Nc1ccc([N+](=O)[O-])c(C(F)(F)F)c1	44	3
CC(C)C(=O)OCC(=O)C12OC(C3CCCCC3)OC1CC1C3CCC4=CC(=O)C=CC4(C)C3C(O)CC12C	17	2
CC(C)C(=O)Oc1ccc(CO)cc1C(CCN(C(C)C)C(C)C)c1ccccc1	22	0
CC(C)C(=O)c1c(C(C)C)nn2ccccc12	42	2
CC(C)C(Br)C(=O)NC(N)=O	142	1
CC(C)C(N)C(=O)O	3	3
CC(C)C(N)C(=O)OCC(CO)OCn1cnc2c(=O)[nH]c(N)nc21	34	0
CC(C)C(N)C(=O)OCCOCn1cnc2c(=O)[nH]c(N)nc21	34	0
CC(C)C1(NC(=O)C2CC3c4cccc5[nH]cc(c45)CC3N(C)C2)OC2(O)C3CCCN3C(=O)C(Cc3ccccc3)N2C1=O	32	4
CC(C)C1CCC(C(=O)NC(Cc2ccccc2)C(=O)O)CC1	0	0
CC(C)CC(C(=O)NC(C(=O)OC1CCCC1)c1ccccc1)C(O)C(=O)NO	4	4
CC(C)CC(CN)CC(=O)O	3	3
CC(C)CC(N(C)C)C1(c2ccc(Cl)cc2)CCC1	264	3
CC(C)CC(N)C(=O)O	3	3
CC(C)CC(NC(=O)C(CCc1ccccc1)NC(=O)CN1CCOCC1)C(=O)NC(Cc1ccccc1)C(=O)NC(CC(C)C)C(=O)C1(C)CO1	45	0
CC(C)CC(NC(=O)C(Cc1ccccc1)NC(=O)c1cnccn1)B(O)O	45	0
CC(C)CC(NC(=O)CNC(=O)c1cc(Cl)ccc1Cl)B(O)O	45	0
CC(C)CC1C(=O)N2CCCC2C2(O)OC(NC(=O)C3C=C4c5cccc6[nH]c(Br)c(c56)CC4N(C)C3)(C(C)C)C(=O)N12	32	4
CC(C)CC1Nc2cc(Cl)c(S(N)(=O)=O)cc2S(=O)(=O)N1	13	0
CC(C)CCC(=O)OC1CCC2C3CCC4=CC(=O)CCC4(C)C3CCC12C	1	1
CC(C)CCCC(C)C1CCC2C3CC=C4CC(O)CCC4(C)C3CCC12C	25	2
CC(C)CN(CC(O)C(Cc1ccccc1)NC(=O)OC1COC2OCCC12)S(=O)(=O)c1ccc(N)cc1	96	4
CC(C)CN(CC(OP(=O)(O)O)C(Cc1ccccc1)NC(=O)OC1CCOC1)S(=O)(=O)c1ccc(N)cc1	96	4
CC(C)COC(=O)OCN1C(=O)CN(CCN2CC(=O)N(COC(=O)OCC(C)C)C(=O)C2)CC1=O	265	2
CC(C)COCC(CN(Cc1ccccc1)c1ccccc1)N1CCCC1	266	1
CC(C)COc1ccc(CNC(=O)N(Cc2ccc(F)cc2)C2CCN(C)CC2)cc1	4	4
CC(C)Cc1ccc(C(C)C(=O)O)cc1	0	0
CC(C)Cn1cnc2c(N)nc3ccccc3c21	34	0
CC(C)N(C)c1ccc(C2CC3(C)C(CCC3(O)C#CC(C)(C)C)C3CCC4=CC(=O)CCC4C23)cc1	1	1
CC(C)N(CCC(C(N)=O)(c1ccccc1)c1ccccn1)C(C)C	61	0
CC(C)N(CCCCOCC(=O)NS(C)(=O)=O)c1cnc(-c2ccccc2)c(-c2ccccc2)n1	81	4
CC(C)N1CCN(c2ccc(OCC3COC(Cn4cncn4)(c4ccc(Cl)cc4Cl)O3)cc2)CC1	51	3
CC(C)N=C(N)N=C(N)Nc1ccc(Cl)cc1	167	4
CC(C)N=c1cc2n(-c3ccc(Cl)cc3)c3ccccc3nc-2cc1Nc1ccc(Cl)cc1	267	2
CC(C)NC(=O)COc1cccc(-c2nc(Nc3ccc4[nH]ncc4c3)c3ccccc3n2)c1	268	1
CC(C)NCC(C(=O)N1CCN(c2ncnc3c2C(C)CC3O)CC1)c1ccc(Cl)cc1	269	0
CC(C)NCC(O)COc1ccc(CC(N)=O)cc1	7	2
CC(C)NCC(O)COc1ccc(CCOCC2CC2)cc1	7	2
CC(C)NCC(O)COc1ccc(COCCOC(C)C)cc1	7	2
CC(C)NCC(O)COc1cccc2[nH]ccc12	7	2
CC(C)NCC(O)COc1cccc2ccccc12	7	2
CC(C)NCC(O)c1cc(O)cc(O)c1	7	2
CC(C)NCC(O)c1ccc(NS(C)(=O)=O)cc1	7	2
CC(C)NCC(O)c1ccc(O)c(O)c1	7	2
CC(C)Nc1cccnc1N1CCN(C(=O)c2cc3cc(NS(C)(=O)=O)ccc3[nH]2)CC1	270	4
CC(C)Nc1nc2cc(Cl)c(Cl)cc2n1C1OC(CO)C(O)C1O	10	3
CC(C)O	78	4
CC(C)OC(=O)C(C)(C)Oc1ccc(C(=O)c2ccc(Cl)cc2)cc1	95	0
CC(C)OC(=O)C(C)NP(=O)(COC(C)Cn1cnc2c(N)ncnc21)Oc1ccccc1	34	0
CC(C)OC(=O)C(C)NP(=O)(OCC1OC(n2ccc(=O)[nH]c2=O)C(C)(F)C1O)Oc1ccccc1	97	1
CC(C)OC(=O)CCCC=CCC1C(O)CC(O)C1C=CC(F)(F)COc1ccccc1	19	1
CC(C)OC(=O)CCCC=CCC1C(O)CC(O)C1C=CC(O)COc1cccc(C(F)(F)F)c1	19	1
CC(C)OC(=O)CCCC=CCC1C(O)CC(O)C1CCC(O)CCc1ccccc1	0	0
CC(C)OC(=O)OCOP(=O)(COC(C)Cn1cnc2c(N)ncnc21)OCOC(=O)OC(C)C	34	0
CC(C)OP(=O)(OC(C)C)C(Cc1cc(C(C)(C)C)c(O)c(C(C)(C)C)c1)P(=O)(OC(C)C)OC(C)C	271	3
CC(C)Oc1ccc(-c2nc(-c3cccc4c3CCC4NCCO)no2)cc1C#N	140	1
CC(C)Oc1ccc(-c2nn(C(C)c3oc4ccc(F)cc4c(=O)c3-c3cccc(F)c3)c3ncnc(N)c23)cc1F	168	3
CC(C)[N+](C)(CCOC(=O)C1c2ccccc2Oc2ccccc21)C(C)C	272	2
CC(C)[N+]1(C)C2CCC1CC(OC(=O)C(CO)c1ccccc1)C2	4	4
CC(C)c1c(C(=O)Nc2ccccc2)c(-c2ccccc2)c(-c2ccc(F)cc2)n1CCC(O)CC(O)CC(=O)O	76	4
CC(C)c1cc(-c2n[nH]c(=O)n2-c2ccc3c(ccn3C)c2)c(O)cc1O	169	2
CC(C)c1cc(-c2n[nH]c(=O)n2-c2ccc3c(ccn3C)c2)c(O)cc1OP(=O)(O)O	169	2
CC(C)c1cccc(C(C)C)c1O	139	2
CC(C)c1nc(CN(C)C(=O)NC(C(=O)NC(Cc2ccccc2)CC(O)C(Cc2ccccc2)NC(=O)OCc2cncs2)C(C)C)cs1	96	4
CC(C)c1nc(CN(C)C(=O)NC(CCN2CCOCC2)C(=O)NC(CCC(Cc2ccccc2)NC(=O)OCc2cncs2)Cc2ccccc2)cs1	273	1
CC(C)c1nc(N(C)S(C)(=O)=O)nc(-c2ccc(F)cc2)c1C=CC(O)CC(O)CC(=O)O	76	4
CC(C)n1c(C=CC(O)CC(O)CC(=O)O)c(-c2ccc(F)cc2)c2ccccc21	76	4
CC(C)n1nccc1-c1ncccc1COc1cccc(O)c1C=O	274	4
CC(C1=C(CCN(C)C)Cc2ccccc21)c1ccccn1	9	4
CC(C=CC(C)C(C)(C)O)C1CCC2C(=CC=C3CC(O)CC(O)C3)CCCC21C	25	2
CC(C=CC1=C(C)CCCC1(C)C)=CC=CC(C)=CC(=O)Nc1ccc(O)cc1	28	3
CC(C=CC1=C(C)CCCC1(C)C)=CC=CC(C)=CC(=O)O	98	0
CC(C=CC1=C(C)CCCC1(C)C)=CC=CC(C)=CCO	98	0
CC(CC(c1ccccc1)c1ccccc1)NC(C)(C)C	9	4
CC(CCC(=O)O)C1CCC2C3C(O)CC4CC(O)CCC4(C)C3CC(O)C12C	275	1
CC(CCC(=O)O)C1CCC2C3C(O)CC4CC(O)CCC4(C)C3CCC12C	25	2
CC(CCC(=O)O)C1CCC2C3CCC4CC(O)CCC4(C)C3CC(O)C12C	74	1
CC(CCc1ccc(O)cc1)NCCc1ccc(O)c(O)c1	7	2
CC(CCc1ccccc1)NCC(O)c1ccc(O)c(C(N)=O)c1	0	0
CC(CN(C)C)CN1c2ccccc2CCc2ccccc21	170	1
CC(CN(C)C)CN1c2ccccc2S(=O)(=O)c2ccccc21	170	1
CC(CN(C)C)CN1c2ccccc2Sc2ccc(C#N)cc21	2	2
CC(CN(C)C)CN1c2ccccc2Sc2ccccc21	2	2
CC(CN1CC(=O)NC(=O)C1)N1CC(=O)NC(=O)C1	276	0
CC(CN1c2ccccc2Sc2ccccc21)N(C)C	2	2
CC(CO)NC(=O)C1C=C2c3cccc4[nH]cc(c34)CC2N(C)C1	32	4
CC(COc1ccccc1)N(CCCl)Cc1ccccc1	9	4
CC(COc1ccccc1)NC(C)C(O)c1ccc(O)cc1	7	2
CC(CS)C(=O)N1CCCC1C(=O)O	277	4
CC(CSC(=O)c1ccccc1)C(=O)N1CC(Sc2ccccc2)CC1C(=O)O	55	2
CC(C[N+](C)(C)C)OC(N)=O	35	1
CC(Cc1cc2c(c(C(N)=O)c1)N(CCCO)CC2)NCCOc1ccccc1OCC(F)(F)F	278	3
CC(Cc1ccc(O)c(O)c1)(NN)C(=O)O	7	2
CC(Cc1ccc(O)cc1)NCC(O)c1cc(O)cc(O)c1	7	2
CC(Cc1cccc(C(F)(F)F)c1)NCCOC(=O)c1ccccc1	6	3
CC(Cc1ccccc1)NC(=O)C(N)CCCCN	0	0
CC(Cc1ccccc1)NCCC#N	53	4
CC(Cn1ccc(-c2ccc(C#N)c(Cl)c2)n1)NC(=O)c1cc(C(C)O)[nH]n1	140	1
CC(Cn1cnc2c(N)ncnc21)OCP(=O)(O)O	34	0
CC(F)(F)c1cc(F)ccc1-c1sc2cc(O)ccc2c1Oc1ccc(C=CC(=O)O)cc1	279	2
CC(N)(Cc1ccc(O)c(O)c1)C(=O)O	7	2
CC(N)(Cc1ccc(O)cc1)C(=O)O	0	0
CC(N)C(=O)NC(C)C(=O)NC1C2CN(c3nc4c(cc3F)c(=O)c(C(=O)O)cn4-c3ccc(F)cc3F)CC21	16	4
CC(N)C(=O)NC(CCC(N)=O)C(=O)O	3	3
CC(N)C(=O)c1ccccc1	0	0
CC(N)C(O)c1ccc(O)c(O)c1	7	2
CC(N)C(O)c1cccc(O)c1	7	2
CC(N)C(O)c1ccccc1	9	4
CC(N)CCCC(C)(C)O	75	2
CC(N)Cc1ccc(F)cc1	53	4
CC(N)Cc1ccc(O)cc1	28	3
CC(N)Cc1ccc2c(c1)OCO2	53	4
CC(N)Cc1ccccc1	0	0
CC(NC(=O)c1c(N)nn2cccnc12)c1cc2cccc(C#Cc3cnn(C)c3)c2c(=O)n1-c1ccccc1	114	4
CC(NC(C)(C)C)C(=O)c1cccc(Cl)c1	13	0
CC(NC(CCc1ccccc1)C(=O)O)C(=O)N1C(C(=O)O)CC2CCCC21	0	0
CC(NC(CCc1ccccc1)C(=O)O)C(=O)N1CCCC1C(=O)O	0	0
CC(NC1CCN(c2ccc(CC(=O)O)cc2)C1)c1cccc2ccccc12	128	0
CC(NCCCc1cccc(C(F)(F)F)c1)c1cccc2ccccc12	66	0
CC(NCCc1ccc(O)cc1)C(O)c1ccc(O)cc1	7	2
CC(NCCn1cnc2c1c(=O)n(C)c(=O)n2C)C(O)c1ccccc1	29	2
CC(NCc1ccc(OCc2cccc(F)c2)cc1)C(N)=O	53	4
CC(Nc1ccc2c(c1)OCCn1cc(N3C(=O)OCC3C(F)F)nc1-2)C(N)=O	171	3
CC(Nc1ncnc2nc[nH]c12)c1cc2cccc(Cl)c2c(=O)n1-c1ccccc1	114	4
CC(O)(CS(=O)(=O)c1ccc(F)cc1)C(=O)Nc1ccc(C#N)c(C(F)(F)F)c1	115	0
CC(O)(P(=O)(O)O)P(=O)(O)O	36	2
CC(O)=C(C#N)C(=O)Nc1ccc(C(F)(F)F)cc1	28	3
CC(O)C(=O)Nc1c(I)c(C(=O)NC(CO)CO)c(I)c(C(=O)NC(CO)CO)c1I	93	2
CC(O)C(=O)O	3	3
CC(O)C(=O)[O-]	35	1
CC(O)C(O)C1CNc2nc(N)[nH]c(=O)c2N1	41	1
CC(O)C1C(=O)N2C(C(=O)O)=C(C3CCCO3)SC12	5	4
CC(O)C1C(=O)N2C(C(=O)O)=C(SC3CNC(C(=O)N(C)C)C3)C(C)C12	77	0
CC(O)C1C(=O)N2C(C(=O)O)=C(SC3CNC(C(=O)Nc4cccc(C(=O)O)c4)C3)C(C)C12	77	0
CC(O)C1C(=O)N2C(C(=O)O)=C(SC3CNC(CNS(N)(=O)=O)C3)C(C)C12	77	0
CC(O)C1C(=O)N2C(C(=O)O)=C(SCCN=CN)CC12	77	0
CC(O)C1C(=O)N2C(C(=O)[O-])=C(SC3Cn4cnc[n+]4C3)C(C)C12	77	0
CC(O)CN	58	1
CC(O)CO	78	4
CC(OC(=O)NCC1(CC(=O)O)CCCCC1)OC(=O)C(C)C	280	1
CC(OC1OCCN(Cc2n[nH]c(=O)[nH]2)C1c1ccc(F)cc1)c1cc(C(F)(F)F)cc(C(F)(F)F)c1	116	2
CC(OC1OCCN(Cc2nn(P(=O)(O)O)c(=O)[nH]2)C1c1ccc(F)cc1)c1cc(C(F)(F)F)cc(C(F)(F)F)c1	116	2
CC(OCC1(c2ccccc2)CCC2(CCC(=O)N2)CN1)c1cc(C(F)(F)F)cc(C(F)(F)F)c1	116	2
CC(Oc1c(Cl)cccc1Cl)C1=NCCN1	24	1
CC(Oc1cc(-c2cnn(C3CCNCC3)c2)cnc1N)c1c(Cl)ccc(F)c1Cl	281	0
CC(S)C(=O)NCC(=O)O	3	3
CC(c1cc2ccccc2s1)N(O)C(N)=O	282	4
CC(c1ccc2nccn2c1)n1nnc2ncc(-c3cnn(C)c3)nc21	172	4
CC(c1nc(-c2ccc(C#N)cc2)cs1)C(O)(Cn1cncn1)c1cc(F)ccc1F	79	0
CC(c1ncncc1F)C(O)(Cn1cncn1)c1ccc(F)cc1F	79	0
CC1(C(=O)O)CCC2(C)CCC3(C)C(=CC(=O)C4C5(C)CCC(O)C(C)(C)C5CCC43C)C2C1	173	0
CC1(C)C(=CC=CC=CC=CC2=[N+](CCCCS(=O)(=O)[O-])c3ccc4ccccc4c3C2(C)C)N(CCCCS(=O)(=O)O)c2ccc3ccccc3c21	283	0
CC1(C)C(C(=O)O)N2C(=O)CC2S1(=O)=O	99	4
CC1(C)C(C=C(Cl)Cl)C1C(=O)OCc1cccc(Oc2ccccc2)c1	106	2
CC1(C)CC1C(=O)NC(=CCCCCSCC(N)C(=O)O)C(=O)O	284	1
CC1(C)CCC(C)(C)c2cc(NC(=O)c3ccc(C(=O)O)cc3)ccc21	28	3
CC1(C)NC(=O)N(c2ccc([N+](=O)[O-])c(C(F)(F)F)c2)C1=O	44	3
CC1(C)OC2CC3C4CC(F)C5=CC(=O)C=CC5(C)C4(F)C(O)CC3(C)C2(C(=O)CO)O1	17	2
CC1(C)OC2CC3C4CC(F)C5=CC(=O)C=CC5(C)C4C(O)CC3(C)C2(C(=O)CO)O1	17	2
CC1(C)OC2CC3C4CCC5=CC(=O)C=CC5(C)C4C(O)CC3(C)C2(C(=O)CO)O1	1	1
CC1(C)OC2COC3(COS(N)(=O)=O)OC(C)(C)OC3C2O1	285	1
CC1(C)OCC(COC(=O)CCc2ccc(OCC(O)CNCCNC(=O)N3CCOCC3)cc2)O1	286	0
CC1(C)SC2C(N=CN3CCCCCC3)C(=O)N2C1C(=O)O	99	4
CC1(C)SC2C(NC(=O)C(C(=O)O)c3ccccc3)C(=O)N2C1C(=O)O	5	4
CC1(C)SC2C(NC(=O)C(C(=O)O)c3ccsc3)C(=O)N2C1C(=O)O	5	4
CC1(C)SC2C(NC(=O)C(N)c3ccc(O)cc3)C(=O)N2C1C(=O)O	5	4
CC1(C)SC2C(NC(=O)C(N)c3ccccc3)C(=O)N2C1C(=O)O	5	4
CC1(C)SC2C(NC(=O)C(N)c3ccccc3)C(=O)N2C1C(=O)OCOC(=O)C1N2C(=O)CC2S(=O)(=O)C1(C)C	5	4
CC1(C)SC2C(NC(=O)C(NC(=O)N3CCN(S(C)(=O)=O)C3=O)c3ccccc3)C(=O)N2C1C(=O)O	5	4
CC1(C)SC2C(NC(=O)COc3ccccc3)C(=O)N2C1C(=O)O	5	4
CC1(C)SC2C(NC(=O)Cc3ccccc3)C(=O)N2C1C(=O)O	0	0
CC1(COc2ccc(N3CCC(Oc4ccc(OC(F)(F)F)cc4)CC3)cc2)Cn2cc([N+](=O)[O-])nc2O1	174	2
CC1(Cn2ccnn2)C(C(=O)O)N2C(=O)CC2S1(=O)=O	99	4
CC1(N)CCN(c2cccnc2NC(=O)c2nc(-c3ncccc3C(F)(F)F)cnc2N)CC1	287	4
CC1(O)CC(c2nc(-c3ccc4ccc(-c5ccccc5)nc4c3)c3c(N)nccn23)C1	288	3
CC1(O)CCC(C(C)(C)O)CC1	289	2
CC1(c2nc3c(C(N)=O)cccc3[nH]2)CCCN1	175	1
CC12C=CC(=O)C(Cl)=C1CCC1C2CCC2(C)C1CCC2(C)O	1	1
CC12C=CC(=O)C=C1C(F)CC1C3CC(O)C(O)(C(=O)CO)C3(C)CC(O)C12F	17	2
CC12C=CC(=O)C=C1CCC1C2C(=O)CC2(C)C1CCC2(O)C(=O)CO	1	1
CC12C=CC(=O)C=C1CCC1C2C(O)CC2(C)C1CCC2(O)C(=O)CO	1	1
CC12C=CC(=O)C=C1CCC1C2C(O)CC2(C)C1CCC2(O)C(=O)OCCl	1	1
CC12C=CC(=O)C=C1CCC1C2CCC2(C)C(O)CCC12	1	1
CC12C=CC(=O)C=C1CCC1C2CCC2(C)C1CCC2(C)O	1	1
CC12C=CC(=O)C=C1CCC1C3CC(O)C(O)(C(=O)CO)C3(C)CC(O)C12F	1	1
CC12C=CC(=O)CC1CCC1C2CCC2(C)C(O)CCC12	1	1
CC12C=CC(=O)NC1CCC1C2CCC2(C)C(C(=O)Nc3cc(C(F)(F)F)ccc3C(F)(F)F)CCC12	162	4
CC12C=CC3=C4CCC(=O)C=C4CCC3C1CCC2O	156	0
CC12CC(=CO)C(=O)CC1CCC1C2CCC2(C)C1CCC2(C)O	1	1
CC12CC3CC(C)(C1)CC(N)(C3)C2	176	3
CC12CCC(=O)C=C1C1CC1C1C2CCC2(C)C1C1CC1C21CCC(=O)O1	1	1
CC12CCC(=O)C=C1C=CC1C2CCC2(C)C1CCC2(O)CCC(=O)O	1	1
CC12CCC(=O)C=C1C=CC1C2CCC2(C)C1CCC2(O)CCC(=O)[O-]	1	1
CC12CCC(=O)C=C1C=CC1C2CCC2(C)C1CCC21CCC(=O)O1	1	1
CC12CCC(=O)C=C1CCC1C2C(=O)CC2(C)C1CCC2(O)C(=O)CO	1	1
CC12CCC(=O)C=C1CCC1C2C(O)CC2(C)C1CCC2(O)C(=O)CO	1	1
CC12CCC(=O)C=C1CCC1C2C(O)CC2(C)C1CCC2(O)C(=O)COC(=O)CCC(=O)O	1	1
CC12CCC(=O)C=C1CCC1C2C(O)CC2(C)C1CCC2(O)C(=O)CS	1	1
CC12CCC(=O)C=C1CCC1C2CCC2(C)C(O)CCC12	1	1
CC12CCC(=O)C=C1CCC1C2CCC2(C)C(OC(=O)CCC3CCCC3)CCC12	1	1
CC12CCC(=O)C=C1CCC1C2CCC2(C)C(OC(=O)CCc3ccccc3)CCC12	1	1
CC12CCC(=O)C=C1CCC1C2CCC2(C)C1CCC2(C)O	1	1
CC12CCC(=O)C=C1CCC1C3CCC(O)(C(=O)CO)C3(C)CC(O)C12F	1	1
CC12CCC(CC1)C(C)(C)O2	177	4
CC12CCC(CC1=O)C2(C)C	177	4
CC12CCC(O)CC1=CCC1C2CCC2(C)C(c3cccnc3)=CCC12	178	4
CC12CCC3=C4CCC(=O)C=C4CCC3C1CCC2(O)CC#N	1	1
CC12CCC3C(CC=C4CC(O)CCC43C)C1CCC2=O	1	1
CC12CCC3C(CCC4=CC(=O)CCC43C)C1CCC2=O	1	1
CC12CCC3C(CCC4CC(=O)CCC43C)C1CCC2O	1	1
CC12CCC3C4CCC(=O)C=C4CCC3C1CCC2O	1	1
CC12CCC3c4ccc(O)cc4CC(CCCCCCCCCS(=O)CCCC(F)(F)C(F)(F)F)C3C1CCC2O	37	3
CC12CCC3c4ccc(O)cc4CCC3C1C(O)C(O)C2O	37	3
CC12CCC3c4ccc(O)cc4CCC3C1CC(O)C2O	37	3
CC12CCC3c4ccc(O)cc4CCC3C1CCC2O	37	3
CC12CCC3c4ccc(O)cc4CCC3C1CCC2OC(=O)CCC1CCCC1	37	3
CC12CCC3c4ccc(OC(=O)N(CCCl)CCCl)cc4CCC3C1CCC2O	37	3
CC12CCC3c4ccc(OS(=O)(=O)O)cc4CCC3C1CCC2=O	1	1
CC12CCCCCC(Cc3ccc(O)cc31)C2N	37	3
CC12COC(=O)CC1CCC1C2CCC2(C)C1CCC2(C)O	1	1
CC12Cc3cn[nH]c3CC1CCC1C2CCC2(C)C1CCC2(C)O	1	1
CC12OC(=O)C1(C(O)C1C=CCCC1)NC(=O)C2CCCl	290	1
CC12OC(CC1(O)CO)n1c3ccccc3c3c4c(c5c6ccccc6n2c5c31)CNC4=O	179	3
CC1=C(C(=O)O)N2C(=O)C(NC(=O)C(N)C3=CCC=CC3)C2SC1	5	4
CC1=C(C(=O)O)N2C(=O)C(NC(=O)C(N)c3ccc(O)cc3)C2SC1	5	4
CC1=C(C(=O)O)N2C(=O)C(NC(=O)C(N)c3ccccc3)C2SC1	5	4
CC1=C(C(=O)OC(C)C)C(c2cccc([N+](=O)[O-])c2)C(C(=O)OC2CN(C(c3ccccc3)c3ccccc3)C2)=C(N)N1	22	0
CC1=C(C(=O)OCCN(Cc2ccccc2)c2ccccc2)C(c2cccc([N+](=O)[O-])c2)C(P2(=O)OCC(C)(C)CO2)=C(C)N1	22	0
CC1=C(CC(=O)O)c2cc(F)ccc2C1=Cc1ccc(S(C)=O)cc1	291	0
CC1=CC(=O)CC2CCC3C4CCC(O)C4(C)CCC3C12C	1	1
CC1=CC(=O)N2CC(=O)N(C)c3ccc(Cl)cc3C2(c2ccccc2)O1	292	4
CC1=CC(=O)c2ccccc2C1=O	43	4
CC1=NN(c2ccccc2)C(=O)C1	86	4
CC1=NS(=O)(=O)c2cc(Cl)ccc2N1	8	1
CC1C(NC(=O)C(=NOC(C)(C)C(=O)O)c2csc(N)n2)C(=O)N1S(=O)(=O)O	293	3
CC1C(c2c(F)ccc(F)c2F)CC(NC(=O)c2cnc3c(c2)CC2(C3)C(=O)Nc3ncccc32)C(=O)N1CC(F)(F)F	180	2
CC1C(c2ccccc2)CC(NC(=O)c2cnc3c(c2)CC2(C3)C(=O)Nc3ncccc32)C(=O)N1CC(F)(F)F	180	2
CC1C(c2ccccc2)OCCN1C	54	4
CC1CC(=O)CC2CCC3C4CCC(O)C4(C)CCC3C12C	37	3
CC1CC(=O)NN=C1c1ccc(NN=C(C#N)C#N)cc1	181	1
CC1CC(OC(=O)c2ccccc2O)CC(C)(C)C1	64	1
CC1CC2(C)C(CCC3C4CCC(O)C4(C)CCC32)CC1=O	37	3
CC1CC2C(C(=O)CC3(C)C2CCC3(O)C(=O)CO)C2(C)C=CC(=O)C=C12	1	1
CC1CC2C(C(O)CC3(C)C2CCC3(O)C(=O)CO)C2(C)C=CC(=O)C=C12	1	1
CC1CC2C(C(O)CC3(C)C2CCC3(O)C(=O)COC(=O)CCC(=O)O)C2(C)C=CC(=O)C=C12	1	1
CC1CC2C3CC(F)C4=CC(=O)C=CC4(C)C3(F)C(O)CC2(C)C1(O)C(=O)CCl	17	2
CC1CC2C3CC(F)C4=CC(=O)C=CC4(C)C3(F)C(O)CC2(C)C1(O)C(=O)CO	17	2
CC1CC2C3CC(F)C4=CC(=O)C=CC4(C)C3(F)C(O)CC2(C)C1(O)C(=O)SCF	17	2
CC1CC2C3CC(F)C4=CC(=O)C=CC4(C)C3(F)C(O)CC2(C)C1(OC(=O)c1ccco1)C(=O)SCF	17	2
CC1CC2C3CC(F)C4=CC(=O)C=CC4(C)C3(F)C(O)CC2(C)C1C(=O)CO	17	2
CC1CC2C3CCC4=CC(=O)C=CC4(C)C3(Cl)C(O)CC2(C)C1(O)C(=O)CCl	1	1
CC1CC2C3CCC4=CC(=O)C=CC4(C)C3(Cl)C(O)CC2(C)C1(OC(=O)c1ccco1)C(=O)CCl	17	2
CC1CC2C3CCC4=CC(=O)C=CC4(C)C3(F)C(O)CC2(C)C1(O)C(=O)CCl	1	1
CC1CC2C3CCC4=CC(=O)C=CC4(C)C3(F)C(O)CC2(C)C1(O)C(=O)CO	1	1
CC1CC2C3CCC4=CC(=O)C=CC4(C)C3(F)C(O)CC2(C)C1C(=O)CO	17	2
CC1CC2C3CCC4=CC(=O)C=CC4(C)C3C(=O)CC2(C)C1(O)C(=O)CO	1	1
CC1CCC(C(C)C)C(O)C1	294	2
CC1CCC(O)CC1=CC=C1CCCC2(C)C1CCC2C(C)C=CC(C)C(C)C	25	2
CC1CCC2(C(=O)O)CCC3(C)C(=CCC4C5(C)CCC(O)C(C)(C)C5CCC43C)C2C1C	173	0
CC1CCC2(OC1)OC1CC3C4CC=C5CC(O)CC(O)C5(C)C4CCC3(C)C1C2C	178	4
CC1CCC2C(C)C(O)OC3OC4(C)CCC1C32OO4	182	0
CC1CCC2C(C)C(OC(=O)CCC(=O)O)OC3OC4(C)CCC1C32OO4	182	0
CC1CCCC(C)N1CCCC(O)(c1ccccc1)c1ccccn1	105	0
CC1CCCC(C)N1NC(=O)c1ccc(Cl)c(S(N)(=O)=O)c1	13	0
CC1CCN(C(=O)CC#N)CC1N(C)c1ncnc2[nH]ccc12	80	3
CC1CCN(CCCC(=O)c2ccc(F)cc2)CC1	12	2
CC1CCOC2Cn3cc(C(=O)NCc4ccc(F)cc4F)c(=O)c(O)c3C(=O)N12	16	4
CC1CN(C2CCC(C#N)(c3ccc(F)cc3)CC2)CCC1(C(=O)O)c1ccccc1	295	2
CC1CN(CC(Cc2ccccc2)C(=O)NCC(=O)O)CCC1(C)c1cccc(O)c1	46	4
CC1CN(c2c(F)c(N)c3c(=O)c(C(=O)O)cn(C4CC4)c3c2F)CC(C)N1	16	4
CC1CNCCc2ccc(Cl)cc21	68	2
CC1CNc2c(cccc2S(=O)(=O)NC(CCCN=C(N)N)C(=O)N2CCC(C)CC2C(=O)O)C1	296	0
CC1COC2Cn3cc(C(=O)NCc4ccc(F)cc4F)c(=O)c(O)c3C(=O)N12	16	4
CC1COc2c(C3(N)CC3)c(F)cc3c(=O)c(C(=O)O)cn1c23	16	4
CC1COc2c(N3CCN(C)CC3)c(F)cc3c(=O)c(C(=O)O)cn1c23	16	4
CC1Cc2ccccc2N1NC(=O)c1ccc(Cl)c(S(N)(=O)=O)c1	13	0
CC1N=C(N)NC(N(C)C)=N1	297	4
CC1NCCOC1c1cccc(F)c1	54	4
CC1NCc2cc(-c3ccc4c(=O)c(C(=O)O)cn(C5CC5)c4c3OC(F)F)ccc21	298	3
CC1OC(C)OC(C)O1	299	1
CC1OC(OC2C(O)CC(OC3C(O)CC(OC4CCC5(C)C(CCC6C5CC(O)C5(C)C(C7=CC(=O)OC7)CCC65O)C4)OC3C)OC2C)CC(O)C1O	117	3
CC1OC(OC2C(O)CC(OC3C(O)CC(OC4CCC5(C)C(CCC6C5CCC5(C)C(C7=CC(=O)OC7)CCC65O)C4)OC3C)OC2C)CC(O)C1O	117	3
CC1OC(n2cc(F)c(=O)[nH]c2=O)C(O)C1O	10	3
CC1OC1P(=O)(O)O	36	2
CC1OC2(CS1)CN1CCC2CC1	300	0
CC1Oc2cc(cnc2N)-c2c(nn(C)c2C#N)CN(C)C(=O)c2ccc(F)cc21	118	0
CC1c2cccc(O)c2C(O)=C2C(=O)C3(O)C(O)=C(C(N)=O)C(=O)C(N(C)C)C3C(O)C21	30	0
CC=C(C)C(=O)OC1C(C)=CC23C(=O)C(C=C(CO)C(O)C12O)C1C(CC3C)C1(C)C	301	4
CC=C1NC(=O)C2CSSCCC=CC(CC(=O)NC(C(C)C)C(=O)N2)OC(=O)C(C(C)C)NC1=O	302	3
CC=CC1=C(C(=O)O)N2C(=O)C(NC(=O)C(N)c3ccc(O)cc3)C2SC1	5	4
CCC(=C(CC)c1ccc(O)cc1)c1ccc(O)cc1	6	3
CCC(=C(c1ccccc1)c1ccc(OCCN(C)C)cc1)c1ccccc1	9	4
CCC(=O)C(CC(C)N(C)C)(c1ccccc1)c1ccccc1	4	4
CCC(=O)C1(c2cccc(O)c2)CCN(C)CC1	4	4
CCC(=O)N(c1ccccc1)C1(C(=O)OC)CCN(CCC(=O)OC)CC1	12	2
CCC(=O)N(c1ccccc1)C1(C(=O)OC)CCN(CCc2ccccc2)CC1	0	0
CCC(=O)N(c1ccccc1)C1(COC)CCN(CCc2cccs2)CC1	183	4
CCC(=O)N(c1ccccc1)C1(COC)CCN(CCn2nnn(CC)c2=O)CC1	183	4
CCC(=O)N(c1ccccc1)C1CCN(CCc2ccccc2)CC1	0	0
CCC(=O)N(c1ccccc1)C1CCNCC1	4	4
CCC(=O)NCC1CC1c1cccc2c1CCO2	184	1
CCC(=O)NCCC1CCc2ccc3c(c21)CCO3	184	1
CCC(=O)NS(=O)(=O)c1ccc(-c2c(-c3ccccc3)noc2C)cc1	81	4
CCC(=O)OC(Cc1ccccc1)(c1ccccc1)C(C)CN(C)C	4	4
CCC(=O)OC(OP(=O)(CCCCc1ccccc1)CC(=O)N1CC(C2CCCCC2)CC1C(=O)O)C(C)C	0	0
CCC(=O)OC1(C(=O)CCl)C(C)CC2C3CCC4=CC(=O)C=CC4(C)C3(F)C(O)CC21C	17	2
CCC(=O)OC1(C(=O)COC(C)=O)CCC2C3CC(C)C4=CC(=O)C=CC4(C)C3C(O)CC21C	17	2
CCC(=O)OC1(C(=O)SCF)C(C)CC2C3CC(F)C4=CC(=O)C=CC4(C)C3(F)C(O)CC21C	17	2
CCC(=O)OC1CCC2C3CCC4=CC(=O)CCC4(C)C3CCC12C	1	1
CCC(=O)OCC(=O)C1(OC(=O)CC)C(C)CC2C3CCC4=CC(=O)C=CC4(C)C3(Cl)C(O)CC21C	17	2
CCC(=O)c1ccc2c(c1)N(CC(C)N(C)C)c1ccccc1S2	2	2
CCC(C(=O)O)c1ccc(N2Cc3ccccc3C2=O)cc1	69	3
CCC(C(=O)OCCOCCN(CC)CC)c1ccccc1	9	4
CCC(C(C)O)n1ncn(-c2ccc(N3CCN(c4ccc(OCC5COC(Cn6cncn6)(c6ccc(F)cc6F)C5)cc4)CC3)cc2)c1=O	51	3
CCC(C(N)=O)N1CCCC1=O	63	0
CCC(C)(C)C(=O)OC1CC(C)C=C2C=CC(C)C(CCC3CC(O)CC(=O)O3)C21	119	4
CCC(C)C(=O)OC1CC(C)C=C2C=CC(C)C(CCC3CC(O)CC(=O)O3)C21	119	4
CCC(C)C(=O)OC1CC(O)C=C2C=CC(C)C(CCC(O)CC(O)CC(=O)O)C21	119	4
CCC(C)C1(CC)C(=O)NC(=O)NC1=O	15	3
CCC(C)n1ncn(-c2ccc(N3CCN(c4ccc(OCC5COC(Cn6cncn6)(c6ccc(Cl)cc6Cl)O5)cc4)CC3)cc2)c1=O	51	3
CCC(CC)C(NC(C)=O)C1C(N=C(N)N)CC(C(=O)O)C1O	113	2
CCC(CC)CC1(C(=O)Nc2ccccc2SC(=O)C(C)C)CCCCC1	303	2
CCC(CC)COC(=O)C(C)NP(=O)(OCC1OC(C#N)(c2ccc3c(N)ncnn23)C(O)C1O)Oc1ccccc1	97	1
CCC(CO)NC(=O)C1C=C2c3cccc4[nH]cc(c34)CC2N(C)C1	32	4
CCC(CO)NC(=O)C1C=C2c3cccc4c3c(cn4C)CC2N(C)C1	32	4
CCC(CO)NCCNC(CC)CO	78	4
CCC(COC(=O)c1cc(OC)c(OC)c(OC)c1)(c1ccccc1)N(C)C	4	4
CCC(CO[N+](=O)[O-])(CO[N+](=O)[O-])CO[N+](=O)[O-]	120	3
CCC(NC(C)C)C(O)c1ccc(O)c2[nH]c(=O)ccc12	7	2
CCC(Nc1ncnc2nc[nH]c12)c1nc2cccc(F)c2c(=O)n1-c1ccccc1	114	4
CCC(Oc1cccc(CN(CCCOc2ccc(OC)cc2)c2nc3ccccc3o2)c1)C(=O)O	31	1
CCC(c1cccc(O)c1)C(C)CN(C)C	9	4
CCC(c1ccccc1)c1c(O)c2ccccc2oc1=O	100	3
CCC1(C)CC(=O)NC1=O	15	3
CCC1(C2OC(C3OC(O)(CO)C(C)CC3C)CC2C)CCC(C2(C)CCC3(CC(O)C(C)C(C(C)C(OC)C(C)C(=O)O)O3)O2)O1	304	1
CCC1(CCC(C)C)C(=O)NC(=O)NC1=O	15	3
CCC1(O)C(=O)OCc2c1cc1n(c2=O)Cc2cc3c(CN(C)C)c(O)ccc3nc2-1	185	0
CCC1(O)CC2CN(CCc3c([nH]c4ccccc34)C(C(=O)OC)(c3cc4c(cc3OC)N(C)C3C(O)(C(N)=O)C(O)C5(CC)C=CCN6CCC43C65)C2)C1	48	1
CCC1(O)CCC2C3CCC4=CC(=O)CCC4C3CCC21C	1	1
CCC1(c2cccc(O)c2)CCCCN(C)C1	46	4
CCC1(c2ccccc2)C(=O)NC(=O)N(C)C1=O	15	3
CCC1(c2ccccc2)C(=O)NC(=O)NC1=O	15	3
CCC1(c2ccccc2)C(=O)NCNC1=O	15	3
CCC12CCCN3CCc4c(n(c5ccccc45)C(O)(C(=O)OC)C1)C32	48	1
CCC1=C(C)CN(C(=O)NCCc2ccc(S(=O)(=O)NC(=O)NC3CCC(C)CC3)cc2)C1=O	21	2
CCC1=CC2C(C1)CC2(CN)CC(=O)O	305	0
CCC1=CC2CN(C1)Cc1c([nH]c3ccccc13)C(C(=O)OC)(c1cc3c(cc1OC)N(C)C1C(O)(C(=O)OC)C(OC(C)=O)C4(CC)C=CCN5CCC31C54)C2	306	0
CCC1C(=O)N(C)c2cnc(Nc3ccc(C(=O)NC4CCC(N5CCN(CC6CC6)CC5)CC4)cc3OC)nc2N1C(C)C	49	1
CCC1C(=O)OCC1Cc1cncn1C	307	3
CCC1C(C)=NN=C(c2ccc(OC)c(OC)c2)c2cc(OC)c(OC)cc21	308	2
CCC1C(O)C2C3CCC(C(C)CCC(=O)O)C3(C)CCC2C2(C)CCC(O)CC12	25	2
CCC1C2CC3C4N(C)c5ccccc5C45CC(C2C5O)N3C1O	309	1
CCC1CC1(NC(=O)C1CC2CN1C(=O)C(C(C)(C)C)NC(=O)OCC(C)(C)CCCCc1cccc3c1CN(C3)C(=O)O2)C(=O)NS(=O)(=O)C1CC1	94	1
CCC1CC2CC3c4[nH]c5ccc(OC)cc5c4CCN(C2)C13	48	1
CCC1CN(C(=O)NCC(F)(F)F)CC1c1cnc2cnc3[nH]ccc3n12	310	0
CCC1CN2CCc3c([nH]c4cccc(OC)c34)C2CC1C(=COC)C(=O)OC	48	1
CCC1OC(=O)C(C)C(OC2CC(C)(OC)C(O)C(C)O2)C(C)C(OC2OC(C)CC(N(C)C)C2O)C(C)(O)CC(C)C(=O)C(C)C(O)C1(C)O	121	2
CCC1OC(=O)C(C)C(OC2CC(C)(OC)C(O)C(C)O2)C(C)C(OC2OC(C)CC(N(C)C)C2O)C(C)(O)CC(C)CN(C)C(C)C(O)C1(C)O	121	2
CCC1OC(=O)C(C)C(OC2CC(C)(OC)C(O)C(C)O2)C(C)C(OC2OC(C)CC(N(C)C)C2O)C(C)(OC)CC(C)C(=O)C(C)C(O)C1(C)O	121	2
CCC=C(C(=O)NC1C(=O)N2C(C(=O)O)=C(COC(N)=O)CSC12)c1csc(N)n1	5	4
CCC=C(C(=O)NC1C(=O)N2C(C(=O)OCOC(=O)C(C)(C)C)=C(COC(N)=O)CSC12)c1csc(N)n1	5	4
CCC=CCC=CCC=CCC=CCC=CCC=CCCC(=O)O	0	0
CCC=CCC=CCC=CCC=CCC=CCCCC(=O)O	0	0
CCC=CCC=CCC=CCC=CCC=CCCCC(=O)OCC	6	3
CCCC(=O)Nc1ccc(OCC(O)CNC(C)C)c(C(C)=O)c1	7	2
CCCC(=O)OC1(C(=O)CO)CCC2C3CCC4=CC(=O)CCC4(C)C3C(O)CC21C	1	1
CCCC(=O)OC1(C(=O)COC(C)=O)CCC2C3CC(F)C4=CC(=O)C=CC4(C)C3(F)C(O)CC21C	17	2
CCCC(=O)OCOC(=O)C1=C(C)NC(C)=C(C(=O)OC)C1c1cccc(Cl)c1Cl	22	0
CCCC(C(=O)c1ccc2c(c1)OCO2)N1CCCC1	62	4
CCCC(C)(COC(N)=O)COC(=O)NC(C)C	63	0
CCCC(C)(COC(N)=O)COC(N)=O	63	0
CCCC(C)C1(CC)C(=O)NC(=O)NC1=O	15	3
CCCC(C)C1(CC)C(=O)NC(=S)NC1=O	15	3
CCCC(CCC)C(=O)O	3	3
CCCC(CCC)C(N)=O	63	0
CCCC(NC(=O)C1C2CCCC2CN1C(=O)C(NC(=O)C(NC(=O)c1cnccn1)C1CCCCC1)C(C)(C)C)C(=O)C(=O)NC1CC1	45	0
CCCC(NC(C)C(=O)N1C(C(=O)O)CC2CCCCC21)C(=O)OCC	55	2
CCCC(NC)C(=O)c1ccc(C)cc1	6	3
CCCC(NC)C(=O)c1ccccc1	42	2
CCCC(NC1CCc2cc(F)cc(F)c2C1)C(=O)Nc1cn(C(C)(C)CNCC(C)(C)C)cn1	311	4
CCCC1CC(=O)N(C(CC)C(N)=O)C1	63	0
CCCC1CC(C(=O)NC(C(C)Cl)C2OC(SC)C(O)C(O)C2O)N(C)C1	186	4
CCCC1CC(C(=O)NC(C(C)O)C2OC(SC)C(O)C(O)C2O)N(C)C1	186	4
CCCC1OC2CC3C4CCC5=CC(=O)C=CC5(C)C4C(O)CC3(C)C2(C(=O)CO)O1	17	2
CCCCC(=O)N(Cc1ccc(-c2ccccc2-c2nn[nH]n2)cc1)C(C(=O)O)C(C)C	38	0
CCCCC(=O)OC1CCC2C3CCc4cc(O)ccc4C3CCC12C	37	3
CCCCC(=O)OCC(=O)C1(O)Cc2c(O)c3c(c(O)c2C(OC2CC(NC(=O)C(F)(F)F)C(O)C(C)O2)C1)C(=O)c1c(OC)cccc1C3=O	60	2
CCCCC(C)(C)C(O)C=CC1C(O)CC(=O)C1CCCCC=CC(=O)OC	19	1
CCCCC(C)(O)CC=CC1C(O)CC(=O)C1CCCCCCC(=O)OC	19	1
CCCCC(C)CC(O)C=CC1C(O)CC(=O)C1CCCCC=CC(=O)O	19	1
CCCCC(CC)COC(=O)C(C#N)=C(c1ccccc1)c1ccccc1	42	2
CCCCC(CC)COC(=O)CC(C(=O)OCC(CC)CCCC)S(=O)(=O)O	187	2
CCCCC(CC)COC(=O)c1ccccc1O	187	2
CCCCC(F)(F)C1(O)CCC2C(CC(=O)C2CCCCCCC(=O)O)O1	19	1
CCCCC1(CCCC)CN(c2ccccc2)c2cc(SC)c(OCC(=O)NC(C(=O)NCC(=O)O)c3ccccc3)cc2S(=O)(=O)C1	312	3
CCCCC1=NC2(CCCC2)C(=O)N1Cc1ccc(-c2ccccc2-c2nn[nH]n2)cc1	38	0
CCCCC1=NC2(CCCC2)C(=O)N1Cc1ccc(-c2ccccc2S(=O)(=O)Nc2noc(C)c2C)c(COCC)c1	313	2
CCCCC1C(=O)N(c2ccccc2)N(c2ccccc2)C1=O	15	3
CCCCC1C(=O)NC(=O)N(C2CCCCC2)C1=O	122	1
CCCCC1OC(=O)c2ccccc21	122	1
CCCCCC(=O)OC1(C(C)=O)CCC2C3CCC4=CC(=O)CCC4(C)C3CCC21C	1	1
CCCCCC(C)(O)C=CC1C(O)CC(O)C1CC=CCCCC(=O)O	19	1
CCCCCC(C)N	20	3
CCCCCC(O)C=CC1C(O)CC(=O)C1CC=CCCCC(=O)O	19	1
CCCCCC(O)C=CC1C(O)CC(=O)C1CCCCCCC(=O)O	19	1
CCCCCC(O)C=CC1C(O)CC(O)C1CC=CCCCC(=O)O	19	1
CCCCCC(O)C=CC1C(O)CC2OC(=CCCCC(=O)O)CC21	19	1
CCCCCC(O)CCC1C(O)CC2Cc3c(cccc3OCC(=O)O)CC21	19	1
CCCCCC=CCC=CCCCCCCCC(=O)O	0	0
CCCCCCC(=O)OC1CCC2C3CCC4=CC(=O)CCC4(C)C3CCC12C	1	1
CCCCCCC(=O)OCC(COC(=O)CCCCCC)OC(=O)CCCCCC	20	3
CCCCCCC(C)(C)c1cc(O)c2c(c1)OC(C)(C)C1CCC(=O)CC21	59	1
CCCCCCCC(=O)CCC1C(O)CC(O)C1CC=CCCCC(=O)O	19	1
CCCCCCCC(=O)NC(CN1CCCC1)C(O)c1ccc2c(c1)OCCO2	62	4
CCCCCCCC(C(=O)c1ccccc1)N1CCCC1	4	4
CCCCCCCCC(F)(F)C(F)(F)C(F)(F)C(F)(F)C(F)(F)C(F)(F)F	20	3
CCCCCCCCCC(=O)OC1CCC2C3CCC4=CC(=O)CCC4C3CCC12C	1	1
CCCCCCCCCCC(=O)OC1CCC2C3CCC4=CC(=O)CCC4(C)C3CCC12C	1	1
CCCCCCCCCCCC(CC1OC(=O)C1CCCCCC)OC(=O)C(CC(C)C)NC=O	314	1
CCCCCCCCCCCCCCCCCCCCCCO	20	3
CCCCCCCCCCCCCCCCCCOP(=O)([O-])OC1CC[N+](C)(C)CC1	315	4
CCCCCCCCCCCCCCCCOCCCOP(=O)(O)COC(CO)Cn1ccc(N)nc1=O	188	3
CCCCCCCCCCCCCCCC[N+](C)(C)C	20	3
CCCCCCCCCCCCCCCC[n+]1ccccc1	20	3
CCCCCCCCCCCCC[N+](C)(C)Cc1ccccc1	0	0
CCCCCCCCCCCCOCCOCCOCCOCCOCCOCCOCCOCCOCCO	20	3
CCCCCCCCCCCCOS(=O)(=O)[O-]	20	3
CCCCCCCCc1ccc(CCC(N)(CO)CO)cc1	20	3
CCCCCCCN(CC)CCCC(O)c1ccc(NS(C)(=O)=O)cc1	127	1
CCCCCCOC(=O)CCC(=O)CN	123	0
CCCCCCOC(=O)NC(=N)c1ccc(NCc2nc3cc(C(=O)N(CCC(=O)OCC)c4ccccn4)ccc3n2C)cc1	316	3
CCCCCCOC(C)c1cccc(-c2csc(NC(=O)c3cc(Cl)c(C=C(C)C(=O)O)c(Cl)c3)n2)c1OC	317	3
CCCCCN(C)CCC(O)(P(=O)(O)O)P(=O)(O)O	36	2
CCCCCN=C(N)NN=Cc1c[nH]c2ccc(OC)cc12	318	1
CCCCCOC(=O)Nc1nc(=O)n(C2OC(C)C(O)C2O)cc1F	10	3
CCCCCON=O	20	3
CCCCCc1cc(O)c2c(c1)OC(C)(C)C1CC=C(C)CC21	59	1
CCCCCc1cc(O)c2c(c1)OC(C)(C)C1CCC(C(=O)O)=CC21	59	1
CCCCCc1cc(O)c2c(c1)OC(C)(C)C1CCC(C)=CC21	59	1
CCCCCc1cc(O)c2c(c1)OC(C)(C)c1ccc(C)cc1-2	59	1
CCCCCc1ccc(C)cc1O	20	3
CCCCN(CCCC)C(=O)CN1CC(c2ccc3c(c2)OCO3)C(C(=O)O)C1c1ccc(OC)cc1	62	4
CCCCN1CC(O)C(O)C(O)C1CO	111	0
CCCCN1CCCCC1C(=O)Nc1c(C)cccc1C	4	4
CCCCNC(=O)NS(=O)(=O)c1ccc(C)cc1	21	2
CCCCNc1cc(C(=O)O)cc(S(N)(=O)=O)c1Oc1ccccc1	13	0
CCCCNc1ccc(C(=O)OCCN(C)C)cc1	6	3
CCCCNc1ccc(C(=O)OCCOCCOCCOCCOCCOCCOCCOCCOCCOC)cc1	6	3
CCCCOc1cc(C(=O)NCCN(CC)CC)c2ccccc2n1	31	1
CCCCOc1cc(C(=O)OCCN(CC)CC)ccc1N	6	3
CCCCOc1ccc(OCCCN2CCOCC2)cc1	12	2
CCCCS(=O)(=O)NC(Cc1ccc(OCCCCC2CCNCC2)cc1)C(=O)O	319	0
CCCC[N+]1(C)C2CC(OC(=O)C(CO)c3ccccc3)CC1C1OC12	4	4
CCCCc1nc(Cl)c(C(=O)OCOC(=O)OC(C)C)n1Cc1ccc(-c2ccccc2-c2nn[nH]n2)cc1	38	0
CCCCc1nc(Cl)c(CO)n1Cc1ccc(-c2ccccc2-c2nn[nH]n2)cc1	38	0
CCCCc1nc2cc(C=CC(=O)NO)ccc2n1CCN(CC)CC	31	1
CCCCc1ncc(C=C(Cc2cccs2)C(=O)O)n1Cc1ccc(C(=O)O)cc1	38	0
CCCCc1oc2ccc(NS(C)(=O)=O)cc2c1C(=O)c1ccc(OCCCN(CCCC)CCCC)cc1	31	1
CCCCc1oc2ccccc2c1C(=O)c1cc(I)c(OCCN(CC)CC)c(I)c1	31	1
CCCN(CCC)CCc1cccc2c1CC(=O)N2	320	4
CCCN(CCC)S(=O)(=O)c1ccc(C(=O)O)cc1	6	3
CCCN(CCc1cccs1)C1CCc2c(O)cccc2C1	189	4
CCCN1CC(CSC)CC2c3cccc4[nH]cc(c34)CC21	32	4
CCCN1CCCCC1C(=O)Nc1c(C)cccc1C	4	4
CCCN=C1SC(=Cc2ccc(OCC(O)CO)c(Cl)c2)C(=O)N1c1ccccc1C	23	0
CCCNC(=O)NS(=O)(=O)c1ccc(Cl)cc1	21	2
CCCNC(C)C(=O)Nc1c(C)csc1C(=O)OC	321	3
CCCNC(C)C(=O)Nc1ccccc1C	42	2
CCCNC1CCc2nc(N)sc2C1	322	2
CCCNCC(O)COc1ccccc1C(=O)CCc1ccccc1	0	0
CCCNS(=O)(=O)Nc1ncnc(OCCOc2ncc(Br)cn2)c1-c1ccc(Br)cc1	85	3
CCCO	20	3
CCCOC(C(=O)OC1CCN(C)CC1)(c1ccccc1)c1ccccc1	4	4
CCCOc1ccc(C(=O)OCCN(CC)CC)cc1N	6	3
CCCS(=O)(=O)NC1CC(N(C)c2ncnc3[nH]ccc23)C1	80	3
CCCS(=O)(=O)Nc1ccc(F)c(C(=O)c2c[nH]c3ncc(-c4ccc(Cl)cc4)cc23)c1F	323	1
CCCSc1ccc2nc(NC(=O)OC)[nH]c2c1	324	0
CCCSc1nc(NC2CC2c2ccc(F)c(F)c2)c2nnn(C3CC(OCCO)C(O)C3O)c2n1	325	4
CCCc1c2oc(C(=O)O)cc(=O)c2cc2c(=O)cc(C(=O)O)n(CC)c12	326	3
CCCc1cc(=O)[nH]c(=S)[nH]1	327	1
CCCc1cc(C(N)=S)ccn1	190	0
CCCc1nc(C(C)(C)O)c(C(=O)O)n1Cc1ccc(-c2ccccc2-c2nn[nH]n2)cc1	38	0
CCCc1nc(C)c2c(=O)[nH]c(-c3cc(S(=O)(=O)N4CCN(CC)CC4)ccc3OCC)nn12	124	4
CCCc1nc2c(C)cc(-c3nc4ccccc4n3C)cc2n1Cc1ccc(-c2ccccc2C(=O)O)cc1	38	0
CCCc1nn(C)c2c(=O)[nH]c(-c3cc(S(=O)(=O)N4CCN(C)CC4)ccc3OCC)nc12	124	4
CCCc1nn(C)c2c(=O)[nH]c(-c3cc(S(=O)(=O)N4CCNCC4)ccc3OCC)nc12	124	4
CCCn1c(=O)[nH]c(=O)c2[nH]cnc21	29	2
CCN(C(C)=O)c1cccc(-c2ccnc3c(C#N)cnn23)c1	328	4
CCN(C)C(=O)Oc1cccc(C(C)N(C)C)c1	9	4
CCN(C)CCc1c[nH]c2cccc(O)c12	32	4
CCN(CC)C(=O)C(C#N)=Cc1cc(O)c(O)c([N+](=O)[O-])c1	44	3
CCN(CC)C(=O)C1(c2ccccc2)CC1CN	15	3
CCN(CC)C(=O)C1C=C2c3cccc4[nH]cc(c34)CC2N(C)C1	32	4
CCN(CC)C(=O)N1CCN(C)CC1	125	3
CCN(CC)C(=O)NC1C=C2c3cccc4[nH]cc(c34)CC2N(C)C1	32	4
CCN(CC)C(=O)Nc1ccc(OCC(O)CNC(C)(C)C)c(C(C)=O)c1	126	2
CCN(CC)C(=S)SSC(=S)N(CC)CC	125	3
CCN(CC)C(C)C(=O)c1ccccc1	0	0
CCN(CC)CC#CCOC(=O)C(O)(c1ccccc1)C1CCCCC1	4	4
CCN(CC)CC(=O)Nc1c(C)cc(C)cc1C	191	1
CCN(CC)CC(=O)Nc1c(C)cccc1C	13	0
CCN(CC)CC(=O)Oc1ccc(NC(C)=O)cc1	28	3
CCN(CC)CCCC(C)Nc1c2ccc(Cl)cc2nc2ccc(OC)cc12	31	1
CCN(CC)CCCC(C)Nc1ccnc2cc(Cl)ccc12	31	1
CCN(CC)CCCN(c1ccccc1)C1Cc2ccccc2C1	189	4
CCN(CC)CCCOC(=O)C1(c2ccccc2)CC2CCC1C2	31	1
CCN(CC)CCN(Cc1ccc(-c2ccc(C(F)(F)F)cc2)cc1)C(=O)Cn1c(SCc2ccc(F)cc2)nc(=O)c2c1CCC2	329	3
CCN(CC)CCN1C(=O)CN=C(c2ccccc2F)c2cc(Cl)ccc21	8	1
CCN(CC)CCN1CCc2[nH]c(C=C3C(=O)Nc4ccc(F)cc43)c(C)c2C1=O	192	2
CCN(CC)CCNC(=O)c1c(C)[nH]c(C=C2C(=O)Nc3ccc(F)cc32)c1C	31	1
CCN(CC)CCNC(=O)c1cc(Br)c(N)cc1OC	14	1
CCN(CC)CCNC(=O)c1cc(Cl)c(N)cc1OC	14	1
CCN(CC)CCNC(=O)c1cc(S(C)(=O)=O)ccc1OC	14	1
CCN(CC)CCNC(=O)c1ccc(N)cc1	6	3
CCN(CC)CCOC(=O)C(Cc1cccc2ccccc12)CC1CCCO1	31	1
CCN(CC)CCOC(=O)C1(C2CCCCC2)CCCCC1	193	3
CCN(CC)CCOC(=O)c1ccc(N)cc1	6	3
CCN(CC)CCOC(=O)c1ccc(N)cc1Cl	6	3
CCN(CC)CCOCCC1=CCC2CC1C2(C)C	193	3
CCN(CC)CCOc1ccc(C(=C(Cl)c2ccccc2)c2ccccc2)cc1	12	2
CCN(CC)CCOc1cccc(OCCN(CC)CC)c1OCCN(CC)CC	31	1
CCN(CC)c1ccc(C(=C2C=CC(=[N+](CC)CC)C=C2)c2cc(S(=O)(=O)O)ccc2S(=O)(=O)[O-])cc1	194	4
CCN(CC)c1ccc(C(=C2C=CC(=[N+](CC)CC)C=C2)c2ccc(S(=O)(=O)O)cc2S(=O)(=O)[O-])cc1	194	4
CCN(CCCCOC(=O)c1ccc(OC)c(OC)c1)C(C)Cc1ccc(OC)cc1	6	3
CCN(CCCc1ccccc1)CCCc1ccccc1	0	0
CCN(CCO)CCCC(C)Nc1ccnc2cc(Cl)ccc12	127	1
CCN(CCO)CCn1c(Cc2ccccc2)nc2c1c(=O)n(C)c(=O)n2C	29	2
CCN(Cc1ccncc1)C(=O)C(CO)c1ccccc1	0	0
CCN(c1cc(-c2ccc(CN3CCOCC3)cc2)cc(C(=O)NCc2c(C)cc(C)[nH]c2=O)c1C)C1CCOCC1	56	3
CCN1C(=O)N(c2c(F)c(OC)cc(OC)c2F)Cc2cnc3[nH]c(CN4CCOCC4)cc3c21	330	2
CCN1C(=O)NC(c2ccccc2)C1=O	15	3
CCN1CC(CCN2CCOCC2)C(c2ccccc2)(c2ccccc2)C1=O	15	3
CCN1CCCC1CNC(=O)c1cc(S(=O)(=O)CC)c(N)cc1OC	21	2
CCN1CCCC1CNC(=O)c1cc(S(=O)(=O)CC)ccc1OC	21	2
CCN1CCCC1CNC(=O)c1cc(S(N)(=O)=O)ccc1OC	14	1
CCN1CCN(C(=O)NC(C(=O)NC2C(=O)N3C(C(=O)O)=C(CSc4nnnn4C)CSC23)c2ccc(O)cc2)C(=O)C1=O	5	4
CCN1CCN(C(=O)NC(C(=O)NC2C(=O)N3C2SC(C)(C)C3C(=O)O)c2ccccc2)C(=O)C1=O	5	4
CCN1CCN(Cc2ccc(Nc3ncc(F)c(-c4cc(F)c5nc(C)n(C(C)C)c5c4)n3)nc2)CC1	26	4
CCN1CCN(c2cc(-c3ccc(F)cc3)c3c(n2)CCCCCC3)CC1	331	3
CCN=C1Nc2ccc(Cl)cc2C(C)(c2ccccc2)O1	15	3
CCNC(=O)CCC(N)C(=O)O	3	3
CCNC(=O)CCCC=CCC1C(O)CC(O)C1C=CC(O)CCc1ccccc1	0	0
CCNC(=O)c1noc(-c2cc(C(C)(C)C)c(O)cc2O)c1-c1ccc(CN2CCOCC2)cc1	56	3
CCNC(C)Cc1cccc(C(F)(F)F)c1	66	0
CCNC1(c2cccc(OC)c2)CCCCC1=O	46	4
CCNC1(c2ccccc2)CCCCC1	15	3
CCNC1CC(C)S(=O)(=O)c2sc(S(N)(=O)=O)cc21	195	0
CCNC1CC(N)C(OC2OC(CN)CCC2N)C(O)C1OC1OCC(C)(O)C(NC)C1O	196	2
CCNC1CN(CCCOC)S(=O)(=O)c2sc(S(N)(=O)=O)cc21	195	0
CCNCC(O)c1cccc(O)c1	7	2
CCNCCCNCC=CCNCCCNCC	332	2
CCO	20	3
CCOC(=O)C(C)CC(Cc1ccc(-c2ccccc2)cc1)NC(=O)CCC(=O)O	0	0
CCOC(=O)C(CCc1ccccc1)NC(C)C(=O)N(CC(=O)O)C1Cc2ccccc2C1	0	0
CCOC(=O)C(CCc1ccccc1)NC(C)C(=O)N1C(=O)N(C)CC1C(=O)O	0	0
CCOC(=O)C(CCc1ccccc1)NC(C)C(=O)N1C(C(=O)O)CC2CCCC21	0	0
CCOC(=O)C(CCc1ccccc1)NC(C)C(=O)N1C(C(=O)O)CC2CCCCC21	0	0
CCOC(=O)C(CCc1ccccc1)NC(C)C(=O)N1CCCC1C(=O)O	0	0
CCOC(=O)C(CCc1ccccc1)NC(C)C(=O)N1Cc2cc(OC)c(OC)cc2CC1C(=O)O	55	2
CCOC(=O)C(CCc1ccccc1)NC(C)C(=O)N1Cc2ccccc2CC1C(=O)O	0	0
CCOC(=O)C(CCc1ccccc1)NC1CCCN2CCCC(C(=O)O)N2C1=O	0	0
CCOC(=O)C(CCc1ccccc1)NC1CCc2ccccc2N(CC(=O)O)C1=O	0	0
CCOC(=O)C(CCc1ccccc1)NC1CSC(c2cccs2)CN(CC(=O)O)C1=O	55	2
CCOC(=O)C(Cc1ccc(F)cc1)NC(=O)C(N)Cc1ccc(N(CCCl)CCCl)cc1	53	4
CCOC(=O)C(N)Cc1ccc(-c2cc(OC(c3ccc(Cl)cc3-n3ccc(C)n3)C(F)(F)F)nc(N)n2)cc1	197	2
CCOC(=O)C1(c2ccccc2)CCC=CC1N(C)C	6	3
CCOC(=O)C1(c2ccccc2)CCN(C)CC1	4	4
CCOC(=O)C1(c2ccccc2)CCN(CCC(C#N)(c2ccccc2)c2ccccc2)CC1	4	4
CCOC(=O)C1=C(C)NC(C)=C(C(=O)OC)C1c1cccc(Cl)c1Cl	6	3
CCOC(=O)C1=C(C)NC(C)=C(C(=O)OC)C1c1cccc([N+](=O)[O-])c1	6	3
CCOC(=O)C1=C(C)NC(C)=C(C(=O)OCC)C1c1ccccc1C=CC(=O)OC(C)(C)C	6	3
CCOC(=O)C1=C(COCCN)NC(C)=C(C(=O)OC)C1c1ccccc1Cl	6	3
CCOC(=O)C1=CC(OC(CC)CC)C(NC(C)=O)C(N)C1	6	3
CCOC(=O)C1=CC2(CC)CCCN3CCc4c(n1c1ccccc41)C32	333	1
CCOC(=O)C1C(OC(=O)c2ccccc2)CC2CCC1N2C	4	4
CCOC(=O)C1N=C(c2ccccc2F)c2cc(Cl)ccc2NC1=O	8	1
CCOC(=O)C=C(C)C=CC=C(C)C=Cc1c(C)cc(OC)c(C)c1C	98	0
CCOC(=O)CC(SP(=S)(OC)OC)C(=O)OCC	334	0
CCOC(=O)N1CCC(=C2c3ccc(Cl)cc3CCc3cccnc32)CC1	40	2
CCOC(=O)NC1CCC2C(C1)CC1C(=O)OC(C)C1C2C=Cc1ccc(-c2cccc(F)c2)cn1	335	4
CCOC(=O)Nc1ccc(NCc2ccc(F)cc2)cc1N	6	3
CCOC(=O)Nc1ccc(NCc2ccc(F)cc2)nc1N	6	3
CCOC(=O)Nc1ccc2c(c1)N(C(=O)CCN(CC)CC)c1ccccc1S2	31	1
CCOC(=O)OC(C)OC1=C(C(=O)Nc2ccccn2)N(C)S(=O)(=O)c2ccccc21	198	3
CCOC(=O)OC1(C(=O)OCCl)CCC2C3CCC4=CC(=O)C=CC4(C)C3C(O)CC21C	1	1
CCOC(=O)Oc1ccc(CCNC(=O)C(CCSC)NC(C)=O)cc1OC(=O)OCC	336	3
CCOC(=O)c1c(CSc2ccccc2)n(C)c2cc(Br)c(O)c(CN(C)C)c12	100	3
CCOC(=O)c1ccc(C#Cc2ccc3c(c2)C(C)(C)CCS3)nc1	6	3
CCOC(=O)c1ccc(N)cc1	6	3
CCOC(=O)c1ccc(OC(=O)CCCCCN=C(N)N)cc1	6	3
CCOC(=O)c1cncn1C(C)c1ccccc1	6	3
CCOC(=O)c1ncn2c1CN(C)C(=O)c1cc(F)ccc1-2	6	3
CCOC(=O)n1ccn(C)c1=S	6	3
CCOC([O-])=Nc1c[n+](N2CCOCC2)no1	337	2
CCOCCP(CCOCC)CCP(CCOCC)CCOCC	338	2
CCOCCn1c(C2CCN(CCc3ccc(C(C)(C)C(=O)O)cc3)CC2)nc2ccccc21	4	4
CCON=C(C(=O)NC1C(=O)N2C(C(=O)[O-])=C(Sc3nc(-c4cc[n+](C)cc4)cs3)CSC12)c1nsc(NP(=O)(O)O)n1	339	2
CCOP(=O)(OCC)C(C)NC(=O)N(CCCl)N=O	57	0
CCOP(=O)(OCC)SCC[N+](C)(C)C	340	1
CCOc1c(C(C)n2nc(C)c3c(N)ncnc32)cc(Cl)c(F)c1C1CNC(=O)C1	168	3
CCOc1cc(C(CS(C)(=O)=O)N2C(=O)c3cccc(NC(C)=O)c3C2=O)ccc1OC	341	0
CCOc1cc(CC(=O)NC(CC(C)C)c2ccccc2N2CCCCC2)ccc1C(=O)O	128	0
CCOc1cc(N)c(Cl)cc1C(=O)NCC1CN(Cc2ccc(F)cc2)CCO1	56	3
CCOc1cc2ncc(C#N)c(Nc3ccc(OCc4ccccn4)c(Cl)c3)c2cc1NC(=O)C=CC1CCCN1C	199	4
CCOc1cc2ncc(C#N)c(Nc3ccc(OCc4ccccn4)c(Cl)c3)c2cc1NC(=O)C=CCN(C)C	199	4
CCOc1ccc(C=C2NCCc3cc(OCC)c(OCC)cc32)cc1OCC	342	4
CCOc1ccc(Cc2cc(C34OCC(CO)(O3)C(O)C(O)C4O)ccc2Cl)cc1	47	0
CCOc1ccc(Cc2cc(C3OC(CO)C(O)C(O)C3O)ccc2Cl)cc1	47	0
CCOc1ccc(Cc2cc(C3OC(SC)C(O)C(O)C3O)ccc2Cl)cc1	47	0
CCOc1ccc(Cc2cc(C3SC(CO)C(O)C(O)C3O)c(OC)cc2C)cc1	47	0
CCOc1ccc(NC(=O)CC(C)O)cc1	14	1
CCOc1ccc(NC(C)=O)cc1	6	3
CCOc1ccc2c3c1OC1C(O)C=CC4C(C2)N(C)CCC341	11	0
CCOc1ccc2ccccc2c1C(=O)NC1C(=O)N2C1SC(C)(C)C2C(=O)O	5	4
CCOc1ccccc1C(N)=O	6	3
CCOc1ccccc1OC(c1ccccc1)C1CNCCO1	343	3
CCOc1ccccc1OCC1CNCCO1	56	3
CCOc1ccccc1OCCNC(C)Cc1ccc(OC)c(S(N)(=O)=O)c1	23	0
CCOc1nc2cccc(C(=O)O)c2n1Cc1ccc(-c2ccccc2-c2nn[nH]n2)cc1	38	0
CCOc1nc2cccc(C(=O)OC(C)OC(=O)OC3CCCCC3)c2n1Cc1ccc(-c2ccccc2-c2nn[nH]n2)cc1	38	0
CCOc1nc2cccc(C(=O)OCc3oc(=O)oc3C)c2n1Cc1ccc(-c2ccccc2-c2noc(=O)[nH]2)cc1	38	0
CCOc1ncc(C)c2c1C(c1ccc(C#N)cc1OC)C(C(N)=O)=C(C)N2	344	2
CCS(=O)(=O)CCn1c([N+](=O)[O-])cnc1C	87	3
CCS(=O)(=O)N1CC(CC#N)(n2cc(-c3ncnc4[nH]ccc34)cn2)C1	80	3
CCS(=O)(=O)N1CCN(c2ccc(Nc3ncc(C(N)=O)c(NC4CC4)n3)cc2)CC1	49	1
CCSc1ccc2c(c1)N(CCCN1CCN(C)CC1)c1ccccc1S2	2	2
CC[N+](C)(C)CCOC(=O)CCC(=O)OCC[N+](C)(C)CC	123	0
CC[N+](C)(C)Cc1ccccc1Br	129	4
CC[N+](C)(C)c1cccc(O)c1	46	4
CC[N+](CC)(CC)CCOc1cccc(OCC[N+](CC)(CC)CC)c1OCC[N+](CC)(CC)CC	129	4
CC[N+](CC)(CCNC(=O)C(=O)NCC[N+](CC)(CC)Cc1ccccc1Cl)Cc1ccccc1Cl	129	4
CC[N+]1(C)C2CC(OC(=O)C(CO)c3ccccc3)CC1C1OC12	64	1
CCc1c(C)c2cc3nc(cc4[nH]c(cc5nc(cc1[nH]2)C(C)=C5C(C)O)c(C)c4CCC(=O)O)C(CCC(=O)O)=C3C	155	0
CCc1c2c(nc3ccc(OC(=O)N4CCC(N5CCCCC5)CC4)cc13)-c1cc3c(c(=O)n1C2)COC(=O)C3(O)CC	185	0
CCc1cc(C(C)=NOCc2ccc(C3CCCCC3)c(C(F)(F)F)c2)ccc1CN1CC(C(=O)O)C1	345	1
CCc1cc(C(N)=S)ccn1	190	0
CCc1cc2c(cc1CC)CC(NCC(O)c1ccc(O)c3[nH]c(=O)ccc13)C2	346	0
CCc1cc2c(cc1N1CCC(N3CCOCC3)CC1)C(C)(C)c1[nH]c3cc(C#N)ccc3c1C2=O	347	1
CCc1cc2c(s1)-n1c(C)nnc1CN=C2c1ccccc1Cl	8	1
CCc1cc2c(s1)N(C)C(=O)CN=C2c1ccccc1Cl	8	1
CCc1ccc(C(=O)C(C)CN2CCCCC2)cc1	6	3
CCc1ccc(CCOc2ccc(CC3SC(=O)NC3=O)cc2)nc1	102	4
CCc1ccc(Cc2ccc3c(c2)C2(OC3)OC(CO)C(O)C(O)C2O)cc1	47	0
CCc1cccc2c3c([nH]c12)C(CC)(CC(=O)O)OCC3	348	0
CCc1cnn2c(NCc3ccc[n+]([O-])c3)cc(N3CCCCC3CCO)nc12	349	3
CCc1nc(C(N)=O)c(Nc2ccc(N3CCC(N4CCN(C)CC4)CC3)c(OC)c2)nc1NC1CCOCC1	49	1
CCc1nc(C)ccc1O	350	1
CCc1nc(N)nc(N)c1-c1ccc(Cl)cc1	90	1
CCc1nn(CCCN2CCN(c3cccc(Cl)c3)CC2)c(=O)n1CCOc1ccccc1	2	2
CCc1oc2ccccc2c1C(=O)c1cc(Br)c(O)c(Br)c1	100	3
CCn1c(=O)c(-c2cc(NC(=O)Nc3ccccc3)c(F)cc2Br)cc2cnc(NC)cc21	351	0
CCn1c(=O)c2c(nc(C=Cc3ccc(OC)c(OC)c3)n2C)n(CC)c1=O	200	0
CCn1cc(C(=O)O)c(=O)c2cc(F)c(N3CCN(C)CC3)cc21	16	4
CCn1cc(C(=O)O)c(=O)c2cc(F)c(N3CCNC(C)C3)c(F)c21	16	4
CCn1cc(C(=O)O)c(=O)c2cc(F)c(N3CCNCC3)cc21	16	4
CCn1cc(C(=O)O)c(=O)c2cc(F)c(N3CCNCC3)nc21	16	4
CCn1cc(C(=O)O)c(=O)c2ccc(C)nc21	16	4
CN(C(=O)CN(CCO)CC(=O)N(C)C(C)(C)Cc1ccccc1)C(C)(C)Cc1ccccc1	0	0
CN(C(=O)CO)c1c(I)c(C(=O)NCC(O)CO)c(I)c(C(=O)NCC(O)CO)c1I	93	2
CN(C)C(=N)N=C(N)N	201	1
CN(C)C(=O)C(CCN1CCC(O)(c2ccc(Cl)cc2)CC1)(c1ccccc1)c1ccccc1	4	4
CN(C)C(=O)COC(=O)Cc1ccc(OC(=O)c2ccc(N=C(N)N)cc2)cc1	6	3
CN(C)C(=O)NC1CCC(CCN2CCN(c3cccc(Cl)c3Cl)CC2)CC1	352	4
CN(C)C(=O)Oc1cc(OC(=O)N(C)C)cc(C(O)CNC(C)(C)C)c1	7	2
CN(C)C(=O)Oc1ccc[n+](C)c1	101	3
CN(C)C(=O)Oc1cccc([N+](C)(C)C)c1	101	3
CN(C)C(=O)c1cc2cnc(Nc3ccc(N4CCNCC4)cn3)nc2n1C1CCCC1	159	2
CN(C)C(=O)c1nc(CNC(=O)CN)n(-c2ccc(Cl)cc2C(=O)c2ccccc2Cl)n1	353	3
CN(C)C(=S)SSC(=S)N(C)C	354	2
CN(C)C(CCOc1cccc2ccccc12)c1ccccc1	9	4
CN(C)C1C(=O)C(C(=O)NCN2CCCC2)=C(O)C2(O)C(=O)C3=C(O)c4c(O)cccc4C(C)(O)C3CC12	30	0
CN(C)C1C(=O)C(C(=O)NCNCCCCC(N)C(=O)O)=C(O)C2(O)C(=O)C3=C(O)c4c(O)cccc4C(C)(O)C3CC12	30	0
CN(C)C1C(=O)C(C(N)=O)=C(O)C2(O)C(=O)C3=C(O)c4c(O)c(NC(=O)CN5CCCC5)cc(F)c4CC3CC12	30	0
CN(C)C1C(=O)C(C(N)=O)=C(O)C2(O)C(=O)C3=C(O)c4c(O)ccc(Cl)c4C(O)C3CC12	30	0
CN(C)C1C(=O)C(C(N)=O)=C(O)C2(O)C(=O)C3=C(O)c4c(O)cccc4C(C)(O)C3C(O)C12	30	0
CN(C)C1C(=O)C(C(N)=O)=C(O)C2(O)C(=O)C3=C(O)c4c(O)cccc4C(C)(O)C3CC12	30	0
CN(C)C1CCCCC1N(C)C(=O)c1ccc(Cl)c(Cl)c1	355	1
CN(C)CC(c1ccc(O)cc1)C1(O)CCCCC1	202	2
CN(C)CC1CCCCC1(O)c1cccc(O)c1	46	4
CN(C)CC=CC(=O)Nc1cc2c(Nc3ccc(F)c(Cl)c3)ncnc2cc1OC1CCOC1	50	2
CN(C)CCC(O)(c1ccccc1)c1ccccc1Cl	9	4
CN(C)CCC(c1ccc(Br)cc1)c1ccccn1	9	4
CN(C)CCC(c1ccc(Cl)cc1)c1ccccn1	9	4
CN(C)CCC(c1ccccc1)c1ccccn1	9	4
CN(C)CCC=C1c2ccccc2C(C)(C)c2ccccc21	9	4
CN(C)CCC=C1c2ccccc2C=Cc2ccccc21	9	4
CN(C)CCC=C1c2ccccc2CCc2ccccc21	9	4
CN(C)CCC=C1c2ccccc2COc2ccc(CC(=O)O)cc21	130	3
CN(C)CCC=C1c2ccccc2COc2ccccc21	9	4
CN(C)CCC=C1c2ccccc2CSc2ccccc21	130	3
CN(C)CCC=C1c2ccccc2OCc2c1oc1ccccc21	130	3
CN(C)CCC=C1c2ccccc2Sc2ccc(Cl)cc21	2	2
CN(C)CCCC1(c2ccc(F)cc2)OCc2cc(C#N)ccc21	356	0
CN(C)CCCN1c2ccccc2CCc2ccc(Cl)cc21	2	2
CN(C)CCCN1c2ccccc2CCc2ccccc21	2	2
CN(C)CCCN1c2ccccc2Sc2ccc(Cl)cc21	2	2
CN(C)CCCN1c2ccccc2Sc2ccccc21	2	2
CN(C)CCCN1c2ccccc2Sc2cccnc21	2	2
CN(C)CCCOc1ccc(-c2ccc3ncc4c(c3c2)n(C2CCOCC2)c(=O)n4C)cn1	203	4
CN(C)CCCOc1nn(Cc2ccccc2)c2ccccc12	9	4
CN(C)CCN(Cc1ccc(Cl)cc1)c1ccccn1	9	4
CN(C)CCOC(=O)C(c1ccccc1)C1(O)CCCC1	9	4
CN(C)CCOC(C)(c1ccccc1)c1ccccn1	9	4
CN(C)CCOC(c1ccc(Cl)cc1)c1ccccn1	9	4
CN(C)CCOC(c1ccccc1)c1ccccc1	9	4
CN(C)CCOC1=Cc2ccccc2Sc2ccc(Cl)cc21	2	2
CN(C)CCOc1ccc(C(=C(CCCl)c2ccccc2)c2ccccc2)cc1	9	4
CN(C)CCOc1ccccc1Cc1ccccc1	9	4
CN(C)CCc1c[nH]c2ccc(CC3COC(=O)N3)cc12	39	3
CN(C)CCc1c[nH]c2ccc(CS(=O)(=O)N3CCCC3)cc12	39	3
CN(C)CCc1c[nH]c2ccc(Cn3cncn3)cc12	39	3
CN(C)CCc1c[nH]c2cccc(OP(=O)(O)O)c12	39	3
CN(C)CCc1c[nH]c2ccccc12	9	4
CN(C)CCn1nnnc1SCC1=C(C(=O)O)N2C(=O)C(NC(=O)Cc3csc(N)n3)C2SC1	5	4
CN(C)N(C)C(=O)C1(Cc2ccccc2)CCCN(C(=O)C(Cc2c[nH]c3ccccc23)NC(=O)C(C)(C)N)C1	165	1
CN(C)N=Nc1nc[nH]c1C(N)=O	357	4
CN(C)P(=O)(OCC1CNCC(n2ccc(N)nc2=O)O1)N1CCN(C(=O)OCCOCCOCCO)CC1	188	3
CN(C)S(=O)(=O)c1ccc2c(c1)N(CCCN1CCC(CCO)CC1)c1ccccc1S2	2	2
CN(C)c1cc(CNCC(C)(C)C)c(O)c2c1CC1CC3C(N(C)C)C(=O)C(C(N)=O)=C(O)C3(O)C(=O)C1=C2O	30	0
CN(C)c1cc(NC(=O)CNC(C)(C)C)c(O)c2c1CC1CC3C(N(C)C)C(=O)C(C(N)=O)=C(O)C3(O)C(=O)C1=C2O	30	0
CN(C)c1ccc(O)c2c1CC1CC3C(N(C)C)C(=O)C(C(N)=O)=C(O)C3(O)C(=O)C1=C2O	30	0
CN(C)c1ccc2nc3ccc(=[N+](C)C)cc-3sc2c1	358	3
CN(CC(=O)O)C(=N)N	3	3
CN(CC(=O)c1ccccc1)N=O	0	0
CN(CC=CC#CC(C)(C)C)Cc1cccc2ccccc12	359	2
CN(CCCCCCN(C)C(=O)Oc1ccc[n+](C)c1)C(=O)Oc1ccc[n+](C)c1	101	3
CN(CCCl)CCCl	360	2
CN(CCN1CCC(OC(=O)Nc2ccccc2-c2ccccc2)CC1)C(=O)c1ccc(CN2CCC(C(N)=O)CC2)cc1	4	4
CN(CCOc1ccc(CC2SC(=O)NC2=O)cc1)c1ccccn1	102	4
CN(CCOc1ccc(NS(C)(=O)=O)cc1)CCc1ccc(NS(C)(=O)=O)cc1	102	4
CN(Cc1cc(Br)cc(Br)c1N)C1CCCCC1	204	0
CN(Cc1cnc2nc(N)nc(N)c2n1)c1ccc(C(=O)NC(CCC(=O)O)C(=O)O)cc1	41	1
CN(N=O)C(=O)NC1C(O)OC(CO)C(O)C1O	361	0
CN(c1nccc(=O)[nH]1)C1CCN(c2nc3ccccc3n2Cc2ccc(F)cc2)CC1	27	3
CN1C(=O)C(O)N=C(c2ccccc2)c2cc(Cl)ccc21	8	1
CN1C(=O)C(O)N=C(c2ccccc2Cl)c2cc(Cl)ccc21	8	1
CN1C(=O)CC(=O)N(c2ccccc2)c2cc(Cl)ccc21	2	2
CN1C(=O)CC(C)(c2ccccc2)C1=O	15	3
CN1C(=O)CCC1c1cccnc1	54	4
CN1C(=O)CN=C(C2=CCCCC2)c2cc(Cl)ccc21	8	1
CN1C(=O)CN=C(c2ccccc2)c2cc(Cl)ccc21	2	2
CN1C(=O)CN=C(c2ccccc2Cl)c2cc(Cl)ccc21	2	2
CN1C(=O)CN=C(c2ccccc2F)c2cc(Cl)ccc21	8	1
CN1C(=O)CN=C(c2ccccc2F)c2cc([N+](=O)[O-])ccc21	8	1
CN1C(=O)OC(C)(C)C1=O	362	4
CN1C(C(=O)Nc2ccccn2)=C(O)c2ccccc2S1(=O)=O	33	4
CN1C(C(=O)Nc2ccccn2)=C(O)c2sc(Cl)cc2S1(=O)=O	33	4
CN1C(C(=O)Nc2ccccn2)=C(O)c2sccc2S1(=O)=O	33	4
CN1C2CC(OC(=O)C(CO)c3ccccc3)CC1C1OC12	4	4
CN1C2CCC1C(C(=O)O)C(O)C2	363	2
CN1C2CCC1C(C(=O)O)C(OC(=O)c1ccccc1)C2	4	4
CN1C2CCC1CC(=C1c3ccccc3CSc3ccccc31)C2	40	2
CN1C2CCC1CC(OC(=O)C(CO)c1ccccc1)C2	4	4
CN1C2CCC1CC(OC(=O)C(O)c1ccccc1)C2	4	4
CN1C2CCC1CC(OC(=O)c1c[nH]c3ccccc13)C2	4	4
CN1C2CCC1CC(OC(c1ccccc1)c1ccccc1)C2	4	4
CN1C2CCCC1CC(NC(=O)c1nn(C)c3ccccc13)C2	65	3
CN1CC(=O)N2C(Cc3c([nH]c4ccccc34)C2c2ccc3c(c2)OCO3)C1=O	48	1
CN1CC(C(=O)NC2(C)OC3(O)C4CCCN4C(=O)C(Cc4ccccc4)N3C2=O)C=C2c3cccc4[nH]cc(c34)CC21	32	4
CN1CC(C(=O)NC2(C)OC3(O)C4CCCN4C(=O)C(Cc4ccccc4)N3C2=O)CC2c3cccc4[nH]cc(c34)CC21	32	4
CN1CC(O)c2cc(N=NC(N)=O)c(O)cc21	364	1
CN1CC2c3ccccc3Oc3ccc(Cl)cc3C2C1	2	2
CN1CCC(=C2c3ccccc3C=Cc3ccccc32)CC1	40	2
CN1CCC(=C2c3ccccc3CC(=O)c3sccc32)CC1	40	2
CN1CCC(=C2c3ccccc3CCc3sccc32)CC1	40	2
CN1CCC(=C2c3ccccc3CCn3c(C=O)cnc32)CC1	40	2
CN1CCC(C(=O)c2cccc(NC(=O)c3c(F)cc(F)cc3F)n2)CC1	103	3
CN1CCC(COc2cnc(-c3cccc(Cn4nc(-c5cccc(C#N)c5)ccc4=O)c3)nc2)CC1	365	0
CN1CCC(NC(=O)Nc2ccc(C#N)cc2)CC1c1nc2ccccc2[nH]1	65	3
CN1CCC(OC(c2ccccc2)c2ccccc2)CC1	4	4
CN1CCC(c2c(O)cc(O)c3c(=O)cc(-c4ccccc4Cl)oc23)C(O)C1	366	4
CN1CCC23CCCCC2C1Cc1ccc(O)cc13	11	0
CN1CCC23c4c5ccc(O)c4OC2C(=O)CCC3(O)C1C5	11	0
CN1CCC23c4c5ccc(O)c4OC2C(=O)CCC3C1C5	11	0
CN1CCC23c4c5ccc(O)c4OC2C(O)C=CC3C1C5	11	0
CN1CCC23c4c5ccc(O)c4OC2C(O)CCC3C1C5	11	0
CN1CCC23c4c5ccc(OCCN6CCOCC6)c4OC2C(O)C=CC3C1C5	11	0
CN1CCCC(=C(c2cccs2)c2cccs2)C1	40	2
CN1CCCC(n2nc(Cc3ccc(Cl)cc3)c3ccccc3c2=O)CC1	65	3
CN1CCCC1CCOC(C)(c1ccccc1)c1ccc(Cl)cc1	4	4
CN1CCCC1Cc1c[nH]c2ccc(CCS(=O)(=O)c3ccccc3)cc12	39	3
CN1CCCC1c1cccnc1	54	4
CN1CCN(C(=O)C(CCCNC2CC2c2ccc(F)cc2)NC(=O)c2ccc(-n3ccnn3)cc2)CC1	367	3
CN1CCN(C(=O)OC2c3nccnc3C(=O)N2c2ccc(Cl)cn2)CC1	368	2
CN1CCN(C(c2ccccc2)c2ccc(Cl)cc2)CC1	2	2
CN1CCN(C(c2ccccc2)c2ccccc2)CC1	2	2
CN1CCN(C2=Nc3cc(Cl)ccc3Nc3ccccc32)CC1	2	2
CN1CCN(C2=Nc3ccccc3Oc3ccc(Cl)cc32)CC1	2	2
CN1CCN(C2=Nc3ccccc3Sc3ccc(Cl)cc32)CC1	2	2
CN1CCN(C=C2N=C3CN=C(c4ccccc4Cl)c4cc([N+](=O)[O-])ccc4N3C2=O)CC1	8	1
CN1CCN(CC(=O)N2c3ccccc3C(=O)Nc3cccnc32)CC1	2	2
CN1CCN(CCC=C2c3ccccc3Sc3ccc(S(=O)(=O)N(C)C)cc32)CC1	2	2
CN1CCN(CCCCN2C(=O)CN(N=Cc3ccc(-c4ccc(Cl)cc4)o3)C2=O)CC1	2	2
CN1CCN(CCCN2c3ccccc3Sc3ccc(C(F)(F)F)cc32)CC1	2	2
CN1CCN(CCCN2c3ccccc3Sc3ccc(Cl)cc32)CC1	2	2
CN1CCN(CCCN2c3ccccc3Sc3ccccc32)CC1	2	2
CN1CCN(c2ccc(C(=O)Nc3n[nH]c4ccc(Cc5cc(F)cc(F)c5)cc34)c(NC3CCOCC3)c2)CC1	103	3
CN1CCN(c2ccc(Nc3ncc4cc5n(c4n3)C3(CCCCC3)CNC5=O)nc2)CC1	49	1
CN1CCN(c2ccc3nc(-c4c(N)c5c(F)cccc5[nH]c4=O)[nH]c3c2)CC1	103	3
CN1CCN(c2nc(C3=C(c4c[nH]c5ccccc45)C(=O)NC3=O)c3ccccc3n2)CC1	146	3
CN1CCN2c3c(cccc31)C1CN(CCCC(=O)c3ccc(F)cc3)CCC12	27	3
CN1CCN2c3ccccc3Cc3ccccc3C2C1	2	2
CN1CCN2c3ncccc3Cc3ccccc3C2C1	369	1
CN1CCN=C(c2ccccc2)c2cc(Cl)ccc21	2	2
CN1CCOC(c2ccccc2)c2ccccc2C1	54	4
CN1CCc2cccc3c2C1Cc1ccc(O)c(O)c1-3	11	0
CN1CCc2nc(C(=O)NC3CC(C(=O)N(C)C)CCC3NC(=O)C(=O)Nc3ccc(Cl)cn3)sc2C1	370	1
CN1c2c(nc(N)[nH]c2=O)NCC1CNc1ccc(C(=O)NC(CCC(=O)O)C(=O)O)cc1	41	1
CN1c2ccccc2C(NCCCCCCC(=O)O)c2ccc(Cl)cc2S1(=O)=O	0	0
CN=C(NC#N)NCCSCc1nc[nH]c1C	371	4
CN=C1CN(O)C(c2ccccc2)=c2cc(Cl)ccc2=N1	372	3
CNC(=C[N+](=O)[O-])NCCSCc1ccc(CN(C)C)o1	131	2
CNC(=C[N+](=O)[O-])NCCSCc1csc(CN(C)C)n1	131	2
CNC(=O)Oc1ccc2c(c1)C1(C)CCN(C)C1N2C	373	2
CNC(=O)c1c(C)oc2cc(Oc3ncnc4cc(OC)c(OC)cc34)ccc12	18	4
CNC(=O)c1c(I)c(NC(C)=O)c(I)c(C(=O)O)c1I	28	3
CNC(=O)c1cc(Oc2ccc(NC(=O)Nc3ccc(Cl)c(C(F)(F)F)c3)c(F)c2)ccn1	18	4
CNC(=O)c1cc(Oc2ccc(NC(=O)Nc3ccc(Cl)c(C(F)(F)F)c3)cc2)ccn1	18	4
CNC(=O)c1ccc(-c2cnc3ncc(Cc4ccc5ncccc5c4)n3n2)cc1F	205	1
CNC(=O)c1ccc(N2C(=S)N(c3ccc(C#N)c(C(F)(F)F)c3)C(=O)C2(C)C)cc1F	115	0
CNC(=O)c1ccc(N2C(=S)N(c3cnc(C#N)c(C(F)(F)F)c3)C(=O)C23CCC3)cc1F	205	1
CNC(=O)c1ccc2cc(C3(O)CCn4cncc43)ccc2c1	374	1
CNC(=O)c1cccc(-c2ccc3c(N4CCOCC4C)nc(N4CCOCC4C)nc3n2)c1	375	0
CNC(=O)c1cccc2cc(Oc3ccnc4cc(OCC5(N)CC5)c(OC)cc34)ccc12	18	4
CNC(=O)c1ccccc1Sc1ccc2c(C=Cc3ccccn3)n[nH]c2c1	376	4
CNC(=O)c1cnn(-c2nc(N)c3ncn(C4OC(CO)C(O)C4O)c3n2)c1	10	3
CNC(C)C(=O)NC(C(=O)N1CCCC1c1nc(C(=O)c2ccc(F)cc2)cs1)C1CCCCC1	206	2
CNC(C)C(=O)c1ccc(C)cc1	6	3
CNC(C)C(=O)c1ccccc1	42	2
CNC(C)C(O)c1ccccc1	7	2
CNC(C)C1CCC(N)C(OC2C(N)CC(N)C(OC3OCC(C)(O)C(NC)C3O)C2O)O1	196	2
CNC(C)CC1CCCCC1	132	1
CNC(C)CCC=C(C)C	132	1
CNC(C)Cc1ccc(OC)cc1	14	1
CNC(C)Cc1ccc2c(c1)OCO2	62	4
CNC(C)Cc1ccccc1	0	0
CNC(C)Cc1ccccc1OC	23	0
CNC(C)Cc1cccs1	42	2
CNC1(c2ccccc2)CCCCC1=O	15	3
CNC1(c2ccccc2Cl)CCCCC1=O	207	3
CNC1CCC(c2ccc(Cl)c(Cl)c2)c2ccccc21	73	4
CNC1CCc2[nH]c3ccc(C(N)=O)cc3c2C1	377	3
CNCC(=O)OCc1cccnc1N(C)C(=O)OC(C)[n+]1cnn(CC(O)(c2cc(F)ccc2F)C(C)c2nc(-c3ccc(C#N)cc3)cs2)c1	79	0
CNCC(O)C(O)C(O)C(O)CO	78	4
CNCC(O)c1ccc(O)c(O)c1	7	2
CNCC(O)c1cccc(O)c1	7	2
CNCCC(Oc1ccc(C(F)(F)F)cc1)c1ccccc1	66	0
CNCCC(Oc1cccc2ccccc12)c1cccs1	66	0
CNCCC(Oc1ccccc1C)c1ccccc1	9	4
CNCCC=C1c2ccccc2CCc2ccccc21	40	2
CNCCCC12CCC(c3ccccc31)c1ccccc12	73	4
CNCCCC1c2ccccc2C=Cc2ccccc21	378	2
CNCCCN1c2ccccc2CCc2ccccc21	2	2
CNCCc1ccccn1	66	0
CNCc1cc(-c2ccccc2F)n(S(=O)(=O)c2cccnc2)c1	379	2
CNCc1ccc(-c2[nH]c3cc(F)cc4c3c2CCNC4=O)cc1	380	4
CNNCc1ccc(C(=O)NC(C)C)cc1	42	2
CNS(=O)(=O)CCc1ccc2[nH]cc(C3CCN(C)CC3)c2c1	39	3
CNS(=O)(=O)Cc1ccc2[nH]cc(CCN(C)C)c2c1	39	3
CNc1ccc(-c2nc3ccc(O)cc3s2)cc1[18F]	208	4
CNc1ccc(C=Cc2ccc(OCCOCCOCC[18F])nc2)cc1	381	4
CO	382	2
COC(=O)C(Cc1ccccc1)NC(=O)C(N)CC(=O)O	0	0
COC(=O)C(NC(=O)c1nn(CCCCCF)c2ccccc12)C(C)(C)C	65	3
COC(=O)C(c1ccccc1)C1CCCCN1	64	1
COC(=O)C(c1ccccc1)C1CCCCN1C(=O)OC[n+]1cccc(C(=O)NC(CO)C(=O)[O-])c1	64	1
COC(=O)C(c1ccccc1Cl)N1CCc2sccc2C1	40	2
COC(=O)C1=C(C#N)NC(C)=C(C(=O)OC(C)C)C1c1cccc([N+](=O)[O-])c1	22	0
COC(=O)C1=C(C)NC(C)=C(C(=O)OC(C)(C)CN(C)CCC(c2ccccc2)c2ccccc2)C1c1cccc([N+](=O)[O-])c1	22	0
COC(=O)C1=C(C)NC(C)=C(C(=O)OC(C)C)C1c1cccc2nonc12	22	0
COC(=O)C1=C(C)NC(C)=C(C(=O)OC)C1c1ccccc1[N+](=O)[O-]	22	0
COC(=O)C1=C(C)NC(C)=C(C(=O)OC2CCCN(Cc3ccccc3)C2)C1c1cccc([N+](=O)[O-])c1	22	0
COC(=O)C1=C(C)NC(C)=C(C(=O)OC2CCN(Cc3ccccc3)C2)C1c1cccc([N+](=O)[O-])c1	22	0
COC(=O)C1=C(C)NC(C)=C(C(=O)OCC(C)C)C1c1ccccc1[N+](=O)[O-]	22	0
COC(=O)C1=C(C)NC(C)=C(C(=O)OCCN(C)Cc2ccccc2)C1c1cccc([N+](=O)[O-])c1	22	0
COC(=O)C1=C(C)NC(C)=C(C(=O)OCCN2CCN(C(c3ccccc3)c3ccccc3)CC2)C1c1cccc([N+](=O)[O-])c1	12	2
COC(=O)C1=COC(C)C2CN3CCc4c([nH]c5ccccc45)C3CC12	48	1
COC(=O)C1C(O)CCC2CN3CCc4c([nH]c5ccccc45)C3CC21	48	1
COC(=O)C1C(OC(=O)c2ccccc2)CC2CCC1N2C	4	4
COC(=O)C1C(c2ccc([123I])cc2)CC2CCC1N2CCCF	383	1
COC(=O)C1C2CC3c4[nH]c5cc(OC)ccc5c4CCN3CC2CC(OC(=O)c2cc(OC)c(OC)c(OC)c2)C1OC	48	1
COC(=O)C1CC2=CC(=O)CCC2(C)C23OC2CC2(C)C(CCC24CCC(=O)O4)C13	1	1
COC(=O)C=CC(=O)O	67	1
COC(=O)C=CC(=O)OC	67	1
COC(=O)C=CC(=O)OCCN1C(=O)CCC1=O	67	1
COC(=O)CC(O)(CCCC(C)(C)O)C(=O)OC1C(OC)=CC23CCCN2CCc2cc4c(cc2C13)OCO4	384	0
COC(=O)CCC(=O)CN	67	1
COC(=O)CCC1N=C(c2ccccn2)c2cc(Br)ccc2-n2c(C)cnc21	209	0
COC(=O)CCc1ccc(OCC(O)CNC(C)C)cc1	7	2
COC(=O)N(C)c1c(N)nc(-c2nn(Cc3ccccc3F)c3ncccc23)nc1N	210	1
COC(=O)NC(C(=O)N1CCCC1c1ncc(-c2ccc(-c3ccc(-c4cnc(C5CCCN5C(=O)C(NC(=O)OC)C(C)C)[nH]4)cc3)cc2)[nH]1)C(C)C	206	2
COC(=O)NC(C(=O)NC(Cc1ccccc1)C(O)CN(Cc1ccc(-c2ccccn2)cc1)NC(=O)C(NC(=O)OC)C(C)(C)C)C(C)(C)C	96	4
COC(=O)NC(C)CNc1nccc(-c2cn(C(C)C)nc2-c2cc(Cl)cc(NS(C)(=O)=O)c2F)n1	385	4
COC(=O)Nc1c(N)nc(-c2nn(Cc3ccccc3F)c3ncc(F)cc23)nc1N	210	1
COC(=O)Nc1nc2ccc(C(=O)c3ccccc3)cc2[nH]1	42	2
COC(=O)OCOc1c2n(ccc1=O)N(C1c3ccccc3SCc3c1ccc(F)c3F)C1COCCN1C2=O	386	3
COC(=O)c1cc(OC)c2c(c1-c1c(CO)cc(OC)c3c1OCO3)OCO2	84	2
COC(=O)c1ccc2c(C(=Nc3ccc(N(C)C(=O)CN4CCN(C)CC4)cc3)c3ccccc3)c(O)[nH]c2c1	12	2
COC(=O)c1ccccc1C(=O)c1ccc(OCCN2CCCCC2)cc1	12	2
COC(=O)c1ccccc1O	12	2
COC(C(O)CO)C1OC(C(=O)O)=CC(N=C(N)N)C1NC(C)=O	113	2
COC(Cc1ccc(OCCc2nc(-c3ccccc3)oc2C)c2ccsc12)C(=O)O	387	2
COC(F)(F)C(Cl)Cl	88	2
COC(c1ccccc1)(c1ccccc1)C(Oc1nc(C)cc(C)n1)C(=O)O	388	1
COC1(C(=O)NC(C)c2ccc(-n3cc(F)cn3)nc2)CCC(c2nc(C)cc(Nc3cc(C)[nH]n3)n2)CC1	389	0
COC1(NC(=O)C(C(=O)O)c2ccc(O)cc2)C(=O)N2C(C(=O)O)=C(CSc3nnnn3C)COC21	104	2
COC1(NC(=O)C2SC(=C(C(N)=O)C(=O)O)S2)C(=O)N2C(C(=O)O)=C(CSc3nnnn3C)CSC21	104	2
COC1(NC(=O)CSC(F)F)C(=O)N2C(C(=O)O)=C(CSc3nnnn3CCO)COC21	104	2
COC1(NC(=O)CSCC#N)C(=O)N2C(C(=O)O)=C(CSc3nnnn3C)CSC21	104	2
COC1(NC(=O)Cc2cccs2)C(=O)N2C(C(=O)O)=C(COC(N)=O)CSC21	5	4
COC12C(COC(N)=O)C3=C(C(=O)C(C)=C(N)C3=O)N1CC1NC12	390	2
COC12CC(COC(=O)c3cncc(Br)c3)CN(C)C1Cc1cn(C)c3cccc2c13	391	3
COC12CCC3(CC1C(C)(O)C(C)(C)C)C1Cc4ccc(O)c5c4C3(CCN1)C2O5	11	0
COC12CCC3(CC1C(C)(O)C(C)(C)C)C1Cc4ccc(O)c5c4C3(CCN1CC1CC1)C2O5	11	0
COC1=C(OC)C(=O)C(CCCCCCCCCCO)=C(C)C1=O	20	3
COC1C(N(C)C(=O)c2ccccc2)CC2OC1(C)n1c3ccccc3c3c4c(c5c6ccccc6n2c5c31)C(=O)NC4	179	3
COC1C(O)CC(OC2C(O)CC(OC3C(O)CC(OC4CCC5(C)C(CCC6C5CC(O)C5(C)C(C7=CC(=O)OC7)CCC65O)C4)OC3C)OC2C)OC1C	117	3
COC1C=COC2(C)Oc3c(C)c(O)c4c(O)c(c5c(nc6cc(C)ccn65)c4c3C2=O)NC(=O)C(C)=CC=CC(C)C(O)C(C)C(O)C(C)C(OC(C)=O)C1C	211	2
COC1C=COC2(C)Oc3c(C)c(O)c4c(O)c(cc(O)c4c3C2=O)NC(=O)C(C)=CC=CC(C)C(O)C(C)C(O)C(C)C(OC(C)=O)C1C	211	2
COC1CCN(C2(c3ccccc3)CCCCC2)CC1	4	4
COC1OC(CNC(=O)N(CCCl)N=O)C(O)C(O)C1O	57	0
COCC(=O)Nc1c(I)c(C(=O)NCC(O)CO)c(I)c(C(=O)N(C)CC(O)CO)c1I	93	2
COCC(NC(C)=O)C(=O)NCc1ccccc1	0	0
COCC1=C(C(=O)O)N2C(=O)C(NC(=O)C(=NOC)c3csc(N)n3)C2SC1	5	4
COCCCCC(=NOCCN)c1ccc(C(F)(F)F)cc1	392	4
COCCCN1CCC(NC(=O)c2cc(Cl)c(N)c3c2OCC3)CC1	56	3
COCCCOc1cc(CC(CC(N)C(O)CC(C(=O)NCC(C)(C)C(N)=O)C(C)C)C(C)C)ccc1OC	14	1
COCCCOc1ccnc(CS(=O)c2nc3ccccc3[nH]2)c1C	82	0
COCCNCc1ccc(-c2cc3nccc(Oc4ccc(NC(=O)C5(C(=O)Nc6ccc(F)cc6)CC5)cc4F)c3s2)nc1	18	4
COCCOC(=O)C1=C(C)NC(C)=C(C(=O)OC(C)C)C1c1cccc([N+](=O)[O-])c1	22	0
COCCOC(=O)C1=C(C)NC(C)=C(C(=O)OCC=Cc2ccccc2)C1c1cccc([N+](=O)[O-])c1	22	0
COCCOC(=O)NCCCCC(N)C(=O)O	3	3
COCCOC(=O)NCCCCC(NC(=O)OCCOC)C(=O)NCCCCCCCOP(C)(=O)O	393	0
COCCOCCCC(=O)NCCCCC(N)C(=O)O	3	3
COCCOCCCCCC(=O)NCCCCC(N)C(=O)O	3	3
COCCc1ccc(OCC(O)CNC(C)C)cc1	7	2
COCc1c(-c2cc3cc(C)cc(OC)c3s2)c2c(N)ncnn2c1CN1CCNC(=O)C1	394	0
COCc1c(C(C)C)nc(C(C)C)c(C=CC(O)CC(O)CC(=O)O)c1-c1ccc(F)cc1	76	4
CON(C)C(=O)N1N=C(c2cc(F)ccc2F)SC1(CCCN)c1ccccc1	395	4
CON(C)Cc1ccc(O)c2c1CC1CC3C(N(C)C)C(=O)C(C(N)=O)=C(O)C3(O)C(=O)C1=C2O	30	0
CON=C(C(=O)NC1C(=O)N2C(C(=O)O)=C(C=Cc3scnc3C)CSC12)c1csc(N)n1	5	4
CON=C(C(=O)NC1C(=O)N2C(C(=O)O)=C(COC(C)=O)CSC12)c1csc(N)n1	5	4
CON=C(C(=O)NC1C(=O)N2C(C(=O)O)=C(COC(N)=O)CSC12)c1ccco1	5	4
CON=C(C(=O)NC1C(=O)N2C(C(=O)O)=C(CSc3nc(=O)c(=O)[nH]n3C)CSC12)c1csc(N)n1	5	4
CON=C(C(=O)NC1C(=O)N2C(C(=O)O)=CCSC12)c1csc(N)n1	5	4
CON=C(C(=O)NC1C(=O)N2C(C(=O)[O-])=C(C[N+]3(C)CCCC3)CSC12)c1csc(N)n1	5	4
CON=C(C(=O)NC1C(=O)N2C(C(=O)[O-])=C(C[n+]3cccc4c3CCC4)CSC12)c1csc(N)n1	5	4
CON=C(C(=O)NC1C(=O)N2C(C(=O)[O-])=C(C[n+]3ccn4ncccc43)CSC12)c1nsc(N)n1	5	4
CON=C1CN(c2nc3c(cc2F)c(=O)c(C(=O)O)cn3C2CC2)CC1CN	16	4
CONC(=O)Nc1ccc(-c2sc3c(c2CN(C)C)c(=O)n(-c2ccc(OC)nn2)c(=O)n3Cc2c(F)cccc2F)cc1	396	3
COc1c(-c2ccc3cc(NS(C)(=O)=O)ccc3c2)cc(-n2ccc(=O)[nH]c2=O)cc1C(C)(C)C	134	4
COc1c(C)c2c(c(O)c1CC=C(C)CCC(=O)O)C(=O)OC2	212	3
COc1c(C)c2c(c(O)c1CC=C(C)CCC(=O)OCCN1CCOCC1)C(=O)OC2	212	3
COc1c(N2CC3CCCNC3C2)c(F)cc2c(=O)c(C(=O)O)cn(C3CC3)c12	16	4
COc1c(N2CCNC(C)C2)c(F)cc2c(=O)c(C(=O)O)cn(C3CC3)c12	16	4
COc1c(OC2OC(CO)C(O)C(O)C2O)cc2c(c1OC)-c1ccc(SC)c(=O)cc1C(NC(C)=O)CC2	83	1
COc1c(OCCCN2CCOCC2)ccc2c3n(c(=NC(=O)c4cnc(N)nc4)nc12)CCN3	397	2
COc1c2occc2cc2ccc(=O)oc12	133	0
COc1cc(Br)c(C[N+]2(CCOCCC3CCC4CC3C4(C)C)CCOCC2)cc1OC	398	1
COc1cc(C(=O)NC2CCCNC2)cc(OC)c1OC	21	2
COc1cc(C(=O)NCc2ccc(OCCN(C)C)cc2)cc(OC)c1OC	14	1
COc1cc(C(=O)NS(=O)(=O)c2ccccc2C)ccc1Cc1cn(C)c2ccc(NC(=O)OC3CCCC3)cc12	21	2
COc1cc(C(=O)O)ccc1NC(=O)C1NC(CC(C)(C)C)C(C#N)(c2ccc(Cl)cc2F)C1c1cccc(Cl)c1F	399	0
COc1cc(C(C)=O)ccc1OCCCN1CCC(c2noc3cc(F)ccc23)CC1	18	4
COc1cc(C)c(C=CC(C)=CC=CC(C)=CC(=O)O)c(C)c1C	98	0
COc1cc(C2Oc3cc(C4Oc5cc(O)cc(O)c5C(=O)C4O)ccc3OC2CO)ccc1O	83	1
COc1cc(C2c3cc4c(cc3C(OC3OC5COC(C)OC5C(O)C3O)C3COC(=O)C23)OCO4)cc(OC)c1O	213	4
COc1cc(C2c3cc4c(cc3C(OC3OC5COC(c6cccs6)OC5C(O)C3O)C3COC(=O)C23)OCO4)cc(OC)c1O	213	4
COc1cc(C=CC(=O)CC(=O)C=Cc2ccc(O)c(OC)c2)ccc1O	14	1
COc1cc(CCNCc2ccccc2OC)c(OC)cc1Cl	23	0
COc1cc(CNC(=O)CCCCC=CC(C)C)ccc1O	14	1
COc1cc(Cc2cnc(N)nc2N)cc(OC)c1OC	400	4
COc1cc(F)c(F)c(Nc2ccc(I)cc2F)c1NS(=O)(=O)C1(CC(O)CO)CC1	23	0
COc1cc(N)c(Cl)cc1C(=O)NC1CCN(CCCOc2ccc(F)cc2)CC1OC	12	2
COc1cc(N)cn[n+]1-c1ccccc1	401	3
COc1cc(N2CCC(N3CCN(C)CC3)CC2)ccc1Nc1ncc(Cl)c(Nc2ccccc2P(C)(C)=O)n1	49	1
COc1cc(NC(C)CCCN)c2ncccc2c1	127	1
COc1cc(NS(C)(=O)=O)ccc1Nc1c2ccccc2nc2ccccc12	134	4
COc1cc(Nc2c(C#N)cnc3cc(OCCCN4CCN(C)CC4)c(OC)cc23)c(Cl)cc1Cl	50	2
COc1cc(Nc2ncc(F)c(Nc3ccc4c(n3)N(COP(=O)(O)O)C(=O)C(C)(C)O4)n2)cc(OC)c1OC	402	2
COc1cc(Nc2ncc3c(n2)-c2ccc(Cl)cc2C(c2c(F)cccc2OC)=NC3)ccc1C(=O)O	403	1
COc1cc(OC)c(C(=O)CCCN2CCCC2)c(OC)c1	12	2
COc1cc(OC)cc(N(CCNC(C)C)c2ccc3ncc(-c4cnn(C)c4)nc3c2)c1	172	4
COc1cc(OC)cc(OC)c1	214	0
COc1cc2c(Nc3ccc(Br)cc3F)ncnc2cc1OCC1CCN(C)CC1	18	4
COc1cc2c(Oc3ccc4[nH]c(C)cc4c3F)ccnc2cc1OCC1(N)CC1	18	4
COc1cc2c(Oc3ccc4[nH]c(C)cc4c3F)ncnc2cc1OCCCN1CCCC1	50	2
COc1cc2c(c(OC)c1OC)-c1ccc(OC)c(=O)cc1C(NC(C)=O)CC2	84	2
COc1cc2c(cc1Cc1cccc(Cl)c1F)c(=O)c(C(=O)O)cn2C(CO)C(C)C	404	0
COc1cc2c(cc1O)CCNC21CSC2c3c(OC(C)=O)c(C)c4c(c3C(COC1=O)N1C(O)C3Cc5cc(C)c(OC)c(O)c5C(C21)N3C)OCO4	215	1
COc1cc2c(cc1OC)C(=O)C(CC1CCN(Cc3ccccc3)CC1)C2	55	2
COc1cc2c(cc1OC)C1CC(=O)C(CC(C)C)CN1CC2	55	2
COc1cc2c(cc1OC)C1CC(OC(=O)C(N)C(C)C)C(CC(C)C)CN1CC2	55	2
COc1cc2c(cc1OC)CC(=O)N(CCCN(C)CC1Cc3cc(OC)c(OC)cc31)CC2	405	4
COc1cc2nc(N(C)CCCNC(=O)C3CCCO3)nc(N)c2cc1OC	135	3
COc1cc2nc(N3CCN(C(=O)C4CCCO4)CC3)nc(N)c2cc1OC	135	3
COc1cc2nc(N3CCN(C(=O)C4COc5ccccc5O4)CC3)nc(N)c2cc1OC	135	3
COc1cc2nc(N3CCN(C(=O)c4ccco4)CC3)nc(N)c2cc1OC	18	4
COc1cc2nccc(Oc3ccc(NC(=O)C4(C(=O)Nc5ccc(F)cc5)CC4)cc3)c2cc1OC	18	4
COc1cc2nccc(Oc3ccc(NC(=O)NC4CC4)c(Cl)c3)c2cc1C(N)=O	18	4
COc1cc2nccc(Oc3ccc(NC(=O)Nc4cc(C)on4)c(Cl)c3)c2cc1OC	18	4
COc1cc2ncnc(Nc3ccc(F)c(Cl)c3)c2cc1NC(=O)C=CCN1CCCCC1	18	4
COc1cc2ncnc(Nc3ccc(F)c(Cl)c3)c2cc1OCCCN1CCOCC1	18	4
COc1ccc(-c2cc(=O)c3c(O)cc(OC4OC(COC5OC(C)C(O)C(O)C5O)C(O)C(O)C4O)cc3o2)cc1O	83	1
COc1ccc(-c2cc(=O)c3c(OCCO)cc(OC4OC(COC5OC(C)C(O)C(O)C5O)C(O)C(O)C4O)cc3o2)cc1O	83	1
COc1ccc(-c2cc(=S)ss2)cc1	214	0
COc1ccc(-c2ccc3cc(C(=O)O)ccc3c2)cc1C12CC3CC(CC(C3)C1)C2	151	4
COc1ccc(-c2nc3ccc(C4=NNC(=O)CC4C)cc3[nH]2)cc1	181	1
COc1ccc(-n2nc(C(N)=O)c3c2C(=O)N(c2ccc(N4CCCCC4=O)cc2)CC3)cc1	406	2
COc1ccc(Br)c(F)c1[N+](=O)[O-]	407	1
COc1ccc(C(=O)CC(=O)c2ccc(C(C)(C)C)cc2)cc1	6	3
COc1ccc(C(=O)NCc2ccc(OCCN(C)C)cc2)cc1OC	12	2
COc1ccc(C(CN(C)C)C2(O)CCCCC2)cc1	202	2
COc1ccc(C2CC(=O)c3c(O)cc(OC4OC(COC5OC(C)C(O)C(O)C5O)C(O)C(O)C4O)cc3O2)cc1O	83	1
COc1ccc(C2Sc3ccccc3N(CCN(C)C)C(=O)C2OC(C)=O)cc1	408	0
COc1ccc(C=Cc2cc(OC)c(OC)c(OC)c2)cc1NC(=O)C(N)CO	14	1
COc1ccc(C=Cc2cc(OC)c(OC)c(OC)c2)cc1OP(=O)(O)O	200	0
COc1ccc(CC(C)(C)NCC(O)c2cc(O)cc3c2OCC(=O)N3)cc1	14	1
COc1ccc(CC(C)NCC(O)c2ccc(O)c(NC=O)c2)cc1	7	2
COc1ccc(CCN(C)CCCC(C#N)(c2ccc(OC)c(OC)c2)C(C)C)cc1OC	136	2
COc1ccc(CCNCC(O)c2ccc(O)cc2)cc1OC	7	2
COc1ccc(CCNCCCC(C#N)(c2ccc(OC)c(OC)c2)C(C)C)cc1OC	136	2
COc1ccc(CCOC2CCCCC2N2CCC(O)C2)cc1OC	136	2
COc1ccc(CN(C(=O)C(N)Cc2c(C)cc(C(N)=O)cc2C)C(C)c2ncc(-c3ccccc3)[nH]2)cc1C(=O)O	409	3
COc1ccc(CN(CCN(C)C)c2ccccn2)cc1	9	4
COc1ccc(CN2C3CC2CN(c2ccc(-c4cc(OCC(C)(C)O)cn5ncc(C#N)c45)cn2)C3)cn1	410	3
COc1ccc(CN2CCN(C(c3ccc(F)cc3)c3ccc(F)cc3)CC2)c(OC)c1OC	52	4
COc1ccc(CN2CCNCC2)c(OC)c1OC	411	3
COc1ccc(CNc2nc(N3CCCC3CO)ncc2C(=O)NCc2ncccn2)cc1Cl	21	2
COc1ccc(Cc2nccc3cc(OC)c(OC)cc23)cc1OC	18	4
COc1ccc(Cl)cc1C(=O)NCCc1ccc(S(=O)(=O)NC(=O)NC2CCCCC2)cc1	21	2
COc1ccc(OC)c(C(O)CNC(=O)CN)c1	14	1
COc1ccc2[nH]c(S(=O)Cc3ncc(C)c(OC)c3C)nc2c1	82	0
COc1ccc2[nH]c3c(c2c1)CCNC31CSC2c3c(OC(C)=O)c(C)c4c(c3C(COC1=O)N1C(O)C3Cc5cc(C)c(OC)c(O)c5C(C21)N3C)OCO4	215	1
COc1ccc2[nH]cc(CCNC(C)=O)c2c1	14	1
COc1ccc2c(OC3CC4C(=O)NC5(C(=O)NS(=O)(=O)C6CC6)CC5C=CCCCCN(C)C(=O)C4C3)cc(-c3nc(C(C)C)cs3)nc2c1C	94	1
COc1ccc2c(c1)C(=O)N(CCc1ccc(S(=O)(=O)NC(=O)NC3CCCCC3)cc1)C(=O)C2(C)C	21	2
COc1ccc2c(c1)C13CCCCC1C(C2)N(C)CC3	11	0
COc1ccc2c(c1)N(CC(C)CN(C)C)c1ccccc1S2	2	2
COc1ccc2c(c1)c(CC(=O)O)c(C)n2C(=O)c1ccc(Cl)cc1	14	1
COc1ccc2c(c1)c(CC(=O)OCC(=O)O)c(C)n2C(=O)c1ccc(Cl)cc1	95	0
COc1ccc2c(c1OC)C(=O)OC2C1c2c(cc3c(c2OC)OCO3)CCN1C	84	2
COc1ccc2c3c1OC1C(=O)CCC4(O)C(C2)N(C)CCC314	11	0
COc1ccc2c3c1OC1C(=O)CCC4(O)C(C2)NCCC314	11	0
COc1ccc2c3c1OC1C(=O)CCC4C(C2)N(C)CCC314	11	0
COc1ccc2c3c1OC1C(O)C=CC4C(C2)N(C)CCC341	11	0
COc1ccc2c3c1OC1C(O)CCC4C(C2)N(C)CCC341	11	0
COc1ccc2c3c1OC1CC(O)C=CC31CCN(C)C2	84	2
COc1ccc2cc(C(C)C(=O)O)ccc2c1	14	1
COc1ccc2cc(CCC(C)=O)ccc2c1	14	1
COc1ccc2cc1Oc1ccc(cc1)CC1c3c(cc4c(c3Oc3cc5c(cc3OC)CCN(C)C5C2)OCO4)CCN1C	84	2
COc1ccc2cccc(CCNC(C)=O)c2c1	14	1
COc1ccc2nc(S(=O)Cc3ncc(C)c(OC)c3C)[nH]c2c1	82	0
COc1ccc2nc3cc(Cl)ccc3c(Nc3cc(CN4CCCC4)c(O)c(CN4CCCC4)c3)c2n1	412	2
COc1cccc(-c2c(C)n(Cc3c(F)cccc3C(F)(F)F)c(=O)n(CC(NCCCC(=O)O)c3ccccc3)c2=O)c1F	413	4
COc1cccc(C2(N3CCCCC3)CCCCC2)c1	46	4
COc1cccc(C2(O)CCCCC2CN(C)C)c1	46	4
COc1cccc(CCc2ccccc2OCC(CN(C)C)OC(=O)CCC(=O)O)c1	0	0
COc1cccc(N2CCN(C3=Nc4c(F)cccc4C(CC(=O)O)N3c3cc(C(F)(F)F)ccc3OC)CC2)c1	414	1
COc1cccc2c1C(=O)c1c(O)c3c(c(O)c1C2=O)CC(O)(C(=O)CO)CC3OC1CC(N)C(O)C(C)O1	60	2
COc1cccc2c1C(=O)c1c(O)c3c(c(O)c1C2=O)CC(O)(C(=O)CO)CC3OC1CC(N)C(OC2CCCCO2)C(C)O1	60	2
COc1cccc2c1C(=O)c1c(O)c3c(c(O)c1C2=O)CC(O)(C(C)=O)CC3OC1CC(N)C(O)C(C)O1	60	2
COc1cccc2c1c(O)c(C(=O)N(C)c1ccc(C(F)(F)F)cc1)c(=O)n2C	415	0
COc1ccccc1CNC(=O)c1cc(-c2ccccc2)on1	81	4
COc1ccccc1N1CCN(CC(O)COc2cccc3ccccc23)CC1	23	0
COc1ccccc1N1CCN(CCCNc2cc(=O)n(C)c(=O)n2C)CC1	2	2
COc1ccccc1OCC(O)CN1CCN(CC(=O)Nc2c(C)cccc2C)CC1	14	1
COc1ccccc1OCC(O)CO	23	0
COc1ccccc1OCC(O)COC(N)=O	14	1
COc1ccccc1OCCNCC(O)COc1cccc2[nH]c3ccccc3c12	23	0
COc1ccccc1Oc1c(NS(=O)(=O)c2ccc(C(C)(C)C)cc2)nc(-c2ncccn2)nc1OCCO	85	3
COc1ccnc(CS(=O)c2nc3cc(OC(F)F)ccc3[nH]2)c1OC	18	4
COc1ccnc(CS(=O)c2nc3ccc(OC(F)F)cc3[nH]2)c1OC	18	4
COc1cnc(-n2cnc(C)n2)c2c1c(C(=O)C(=O)N1CCN(C(=O)c3ccccc3)CC1)cn2COP(=O)(O)O	416	2
COc1nc(C)nc(Cl)c1NC1=NCCN1	24	1
COc1nc(N)nc2c1ncn2C1OC(CO)C(O)C1O	10	3
COc1nc(N)nc2c1ncn2C1OC(COP(=O)(NC(C)C(=O)OCC(C)(C)C)Oc2cccc3ccccc23)C(O)C1(C)O	97	1
COc1nc2ccc(Br)cc2cc1C(c1ccccc1)C(O)(CCN(C)C)c1cccc2ccccc12	9	4
COc1ncnc(NS(=O)(=O)c2ccc(N)cc2)c1OC	85	3
COc1nsnc1NS(=O)(=O)c1ccc(N)cc1	85	3
CS(=O)(=O)CCNCc1ccc(-c2ccc3ncnc(Nc4ccc(OCc5cccc(F)c5)c(Cl)c4)c3c2)o1	50	2
CS(=O)(=O)N1CCN(Cc2cc3nc(-c4cccc5[nH]ncc45)nc(N4CCOCC4)c3s2)CC1	417	1
CS(=O)(=O)NC(=O)CCCC=CCC1C(=O)CC(O)C1C=CC(O)COc1ccccc1	19	1
CS(=O)(=O)Nc1cc2occ(NC=O)c(=O)c2cc1Oc1ccccc1	134	4
CS(=O)(=O)Nc1ccc([N+](=O)[O-])cc1Oc1ccccc1	44	3
CS(=O)(=O)OCC(O)C(O)COS(C)(=O)=O	216	2
CS(=O)(=O)OCCCCOS(C)(=O)=O	216	2
CS(=O)(=O)c1cc(F)cc2c3c(n(Cc4ccc(Cl)cc4)c12)C(CC(=O)O)CC3	418	3
CS(=O)(=O)c1ccc(C(=O)Nc2ccc(Cl)c(-c3ccccn3)c2)c(Cl)c1	13	0
CS(=O)(=O)c1ccc(C2=C(c3ccccc3)C(=O)OC2)cc1	81	4
CS(=O)(=O)c1ccc(Oc2cc(F)cc(C#N)c2)c2c1C(O)C(F)C2F	419	4
CS(=O)(=O)c1ccc2c(c1)N(CCCN1CCC(C(N)=O)CC1)c1ccccc1S2	2	2
CS(=O)(=O)c1cccc(CC(NC(=O)c2c(Cl)cc3c(c2Cl)CCN(C(=O)c2ccc4ccoc4c2)C3)C(=O)O)c1	420	0
CS(=O)(=O)n1cc2c(n1)CN(C1COC(c3cc(F)ccc3F)C(N)C1)C2	118	0
CS(C)=O	421	1
CSCCC(N)C(=O)O	3	3
CSc1ccc(C(=O)c2[nH]c(=O)[nH]c2C)cc1	422	1
CSc1ccc2c(c1)N(CCC1CCCCN1C)c1ccccc1S2	2	2
C[N+](C)(C)CC(=O)[O-]	35	1
C[N+](C)(C)CC(O)CC(=O)[O-]	35	1
C[N+](C)(C)CCO	20	3
C[N+](C)(C)CCOC(=O)CCC(=O)OCC[N+](C)(C)C	35	1
C[N+](C)(C)CCOP(=O)([O-])OP(=O)(O)OCC1OC(n2ccc(N)nc2=O)C(O)C1O	10	3
C[N+](C)(C)NCCC(=O)[O-]	35	1
C[N+]1(C)C2CC(OC(=O)C(CO)c3ccccc3)CC1C1OC12	64	1
C[N+]1(C)C2CC(OC(=O)C(O)(c3cccs3)c3cccs3)CC1C1OC12	64	1
C[N+]1(C)C2CCC1CC(OC(=O)C(O)c1ccccc1)C2	4	4
C[N+]1(C)CCC(OC(=O)C(O)(c2ccccc2)C2CCCC2)C1	4	4
C[N+]1(CC2CC2)CCC23c4c5ccc(O)c4OC2C(=O)CCC3(O)C1C5	11	0
C[N+]1(CCC(C(N)=O)(c2ccccc2)c2ccccc2)CCCCC1	4	4
C[N+]1(CCC(O)(c2ccccc2)c2cccs2)CCOCC1	105	0
C[N+]12CCC(CC1)C(OC(=O)C(O)(c1ccccc1)c1ccccc1)C2	4	4
C[n+]1ccccc1C=NO	423	2
Cc1[nH]c(=O)c(C#N)cc1-c1ccncc1	217	3
Cc1[nH]c(C=C2C(=O)Nc3ccc(F)cc32)c(C)c1C(=O)NC1CCN(C(=O)N(C)C)C1	192	2
Cc1[nH]c(C=C2C(=O)Nc3ccccc32)c(C)c1CCC(=O)O	0	0
Cc1[nH]c2ccccc2c1CCNCc1ccc(C=CC(=O)NO)cc1	424	0
Cc1[nH]cnc1CN1CCc2c(c3ccccc3n2C)C1=O	218	1
Cc1c(-c2ccc(O)cc2)n(Cc2ccc(OCCN3CCCCCC3)cc2)c2ccc(O)cc12	12	2
Cc1c(-c2ccccc2)oc2c(C(=O)OCCN3CCCCC3)cccc2c1=O	12	2
Cc1c(C(=O)NN2CCCCC2)nn(-c2ccc(Cl)cc2Cl)c1-c1ccc(Cl)cc1	425	4
Cc1c(C(=O)Nc2ccc(N3CC(C)OC(C)C3)nc2)cccc1-c1ccc(OC(F)(F)F)cc1	144	3
Cc1c(C(=O)Nc2ccc(S(C)(=O)=O)cc2)cn(CCO)c1-c1ccccc1C(F)(F)F	115	0
Cc1c(C(C)C)c(=O)n(-c2ccccc2)n1C	86	4
Cc1c(C)c2c(c(C)c1O)CCC(C)(CCCC(C)CCCC(C)CCCC(C)C)O2	426	3
Cc1c(C)c2c(c(C)c1O)CCC(C)(COc1ccc(CC3SC(=O)NC3=O)cc1)O2	102	4
Cc1c(Cl)c(C)[n+]([O-])c(Cl)c1-c1noc(-c2cc(O)c(O)c([N+](=O)[O-])c2)n1	427	3
Cc1c(Cl)cccc1Nc1ncccc1C(=O)O	13	0
Cc1c(F)cc(C(=O)NC2CC2)cc1-c1ccc(C(=O)NCC(C)(C)C)cn1	137	0
Cc1c(N(C)CS(=O)(=O)O)c(=O)n(-c2ccccc2)n1C	86	4
Cc1c(O)c(=O)ccn1C	428	2
Cc1c(O)c(C)c(O)c(C)c1O	429	1
Cc1c(O)cccc1C(=O)NC(CSc1ccccc1)C(O)CN1CC2CCCCC2CC1C(=O)NC(C)(C)C	163	3
Cc1c(OCC(F)(F)F)ccnc1CS(=O)c1nc2ccccc2[nH]1	82	0
Cc1cc(C#N)cc(C)c1Oc1nc(Nc2ccc(C#N)cc2)nc(N)c1Br	219	0
Cc1cc(C(=O)NNCc2ccccc2)no1	0	0
Cc1cc(C(C)(C)C)c(O)c(C)c1CC1=NCCN1	220	1
Cc1cc(C(C)(C)C)cc(C)c1CC1=NCCN1	220	1
Cc1cc(C)c(NC(=O)CN(CC(=O)O)CC(=O)O)c(C)c1Br	191	1
Cc1cc(C)c2c(c1)C(N(Cc1cc(C(F)(F)F)cc(C(F)(F)F)c1)c1nnn(C)n1)CCCN2CC1CCC(C(=O)O)CC1	430	0
Cc1cc(C)c2c3ccccc3n(Cc3cccc(C(C(=O)NC(CO)c4ccccc4)C4CCCC4)c3)c2n1	431	4
Cc1cc(C)cc(OCC2CNC(=O)O2)c1	432	3
Cc1cc(C)nc(NS(=O)(=O)c2ccc(N)cc2)n1	6	3
Cc1cc(C2CCCCC2)n(O)c(=O)c1	433	2
Cc1cc(C=CC#N)cc(C)c1Nc1ccnc(Nc2ccc(C#N)cc2)n1	219	0
Cc1cc(F)c(C(=O)Nc2cccc(-c3nncn3C(C)C)n2)cc1-n1cnc(C2CC2)c1	434	1
Cc1cc(N2CCN(C3CNC(C(=O)N4CCSC4)C3)CC2)n(-c2ccccc2)n1	435	0
Cc1cc(NS(=O)(=O)c2ccc(N)cc2)no1	33	4
Cc1cc(Nc2ncc(Cl)c(Nc3ccccc3S(=O)(=O)C(C)C)n2)c(OC(C)C)cc1C1CCNCC1	49	1
Cc1cc(Nc2ncnc3ccc(NC4=NC(C)(C)CO4)cc23)ccc1Oc1ccn2ncnc2c1	50	2
Cc1cc(O)c2c(c1)C(=O)c1cc(O)cc(O)c1C2=O	43	4
Cc1cc(O)ccc1Cl	13	0
Cc1cc2c(s1)Nc1ccccc1N=C2N1CCN(C)CC1	2	2
Cc1cc2nc3c(=O)[nH]c(=O)nc-3n(CC(O)C(O)C(O)CO)c2cc1C	436	4
Cc1cc2ncc(C(=O)NCC(C)(C)NCC(=O)N3CCCC3C#N)cn2n1	137	0
Cc1ccc(-c2cc(C(F)(F)F)nn2-c2ccc(S(N)(=O)=O)cc2)cc1	221	2
Cc1ccc(-c2nc3ccc(C)cn3c2CC(=O)N(C)C)cc1	437	3
Cc1ccc(-c2ncc(Cl)cc2-c2ccc(S(C)(=O)=O)cc2)cn1	438	1
Cc1ccc(-n2[nH]c(C)c(N=Nc3cccc(-c4cccc(C(=O)O)c4)c3O)c2=O)cc1C	91	2
Cc1ccc(-n2nc(C(C)(C)C)cc2NC(=O)NCc2cc(F)ccc2Oc2ccc3c(cnn3CCO)c2)cc1	439	0
Cc1ccc(-n2nccn2)c(C(=O)N2CCN(c3nc4cc(Cl)ccc4o3)CCC2C)c1	440	4
Cc1ccc(=O)n(-c2ccccc2)c1	86	4
Cc1ccc(C(=CCN2CCCC2)c2cccc(C=CC(=O)O)n2)cc1	138	3
Cc1ccc(C(=CCN2CCCC2)c2ccccn2)cc1	12	2
Cc1ccc(C(=O)C(C)CN2CCCCC2)cc1	12	2
Cc1ccc(C(=O)Nc2ccc(CN3CCN(C)CC3)c(C(F)(F)F)c2)cc1C#Cc1cnc2cccnn12	26	4
Cc1ccc(C(=O)OCc2ccc(C(CN)C(=O)Nc3ccc4cnccc4c3)cc2)c(C)c1	441	3
Cc1ccc(C(=O)c2cc(O)c(O)c([N+](=O)[O-])c2)cc1	44	3
Cc1ccc(C(C)C)c(O)c1	7	2
Cc1ccc(C)c(OCCCC(C)(C)C(=O)O)c1	75	2
Cc1ccc(C2OC(CO)C(O)C(O)C2O)cc1Cc1ccc(-c2ccc(F)cc2)s1	47	0
Cc1ccc(N(CC2=NCCN2)c2cccc(O)c2)cc1	24	1
Cc1ccc(NC(=O)C2(c3ccc4c(c3)OC(F)(F)O4)CC2)nc1-c1cccc(C(=O)O)c1	91	2
Cc1ccc(NC(=O)c2ccc(CN3CCN(C)CC3)cc2)cc1Nc1nc(-c2cccnc2)cs1	26	4
Cc1ccc(NC(=O)c2ccc(CN3CCN(C)CC3)cc2)cc1Nc1nccc(-c2cccnc2)n1	26	4
Cc1ccc(Nc2nccc(N(C)c3ccc4c(C)n(C)nc4c3)n2)cc1S(N)(=O)=O	26	4
Cc1ccc(O)c(C(CCN(C(C)C)C(C)C)c2ccccc2)c1	7	2
Cc1ccc(S(=O)(=O)NC(=O)NN2CC3CCCC3C2)cc1	21	2
Cc1ccc(Sc2ccccc2N2CCNCC2)c(C)c1	68	2
Cc1ccc2c(c1)C13CCCCC1C(C2)N(C)CC3	11	0
Cc1cccc(-c2nn3c(c2-c2ccnc4ccc(C(N)=O)cc24)CCC3)n1	442	2
Cc1cccc(C(C)c2cnc[nH]2)c1C	139	2
Cc1cccc(C)c1NC(=O)C1CCCCN1C	13	0
Cc1cccc(C)c1NC(=O)CC12CCCN1CCC2	13	0
Cc1cccc(C)c1NC(=O)c1cc(S(N)(=O)=O)c(Cl)cc1O	13	0
Cc1cccc(C)c1NC1=NCCCS1	24	1
Cc1cccc(C)c1OCC(=O)NC(Cc1ccccc1)C(O)CC(Cc1ccccc1)NC(=O)C(C(C)C)N1CCCNC1=O	45	0
Cc1cccc(C)c1OCC(C)N	53	4
Cc1cccc(CC(N)C(=O)O)c1	0	0
Cc1cccc(CN2CCN(C(c3ccccc3)c3ccc(Cl)cc3)CC2)c1	2	2
Cc1cccc(Cc2cnc[nH]2)c1C	139	2
Cc1cccc(N(C)C(=S)Oc2ccc3ccccc3c2)c1	101	3
Cc1cccc(Nc2ccccc2C(=O)O)c1C	13	0
Cc1cccc(Nc2ccncc2S(=O)(=O)NC(=O)NC(C)C)c1	443	2
Cc1ccccc1	42	2
Cc1ccccc1-c1cc(N2CCN(C)CC2)ncc1N(C)C(=O)C(C)(C)c1cc(C(F)(F)F)cc(C(F)(F)F)c1	444	1
Cc1ccccc1C(=O)Nc1ccc(C(=O)N2CCCC(O)c3cc(Cl)ccc32)c(C)c1	13	0
Cc1ccccc1C(OCCN(C)C)c1ccccc1	9	4
Cc1ccccc1N1C(=O)c2cc(S(N)(=O)=O)c(Cl)cc2NC1C	13	0
Cc1ccccc1OCC(O)CO	23	0
Cc1ccn(-c2cc(Cl)ccc2C(Oc2cc(-c3ccc(CC(N)C(=O)O)cc3)nc(N)n2)C(F)(F)F)n1	197	2
Cc1ccnc(NS(=O)(=O)c2ccc(N)cc2)n1	33	4
Cc1ccnc2c1NC(=O)c1cccnc1N2C1CC1	445	0
Cc1ccsc1C(=CCCN1CCCC(C(=O)O)C1)c1sccc1C	138	3
Cc1cn(-c2cc(NC(=O)c3ccc(C)c(Nc4nccc(-c5cccnc5)n4)c3)cc(C(F)(F)F)c2)cn1	26	4
Cc1cn(C2C=CC(CO)O2)c(=O)[nH]c1=O	71	2
Cc1cn(C2CC(N=[N+]=[N-])C(CO)O2)c(=O)[nH]c1=O	71	2
Cc1cn(C2CC(N=[N+]=[N-])C(CO[P+](=O)O)O2)c(=O)[nH]c1=O	71	2
Cc1cn(C2CC(O)C(CO)O2)c(=O)[nH]c1=O	10	3
Cc1cn2nc(-c3cc(=O)n4cc(N5CCNC6(CC6)C5)ccc4n3)cc(C)c2n1	446	4
Cc1cn[nH]c1	447	3
Cc1cnc(C(=O)NC2CCCCCC=CC3CC3(C(=O)NS(=O)(=O)C3CC3)NC(=O)C3CC(Oc4nc5ccccc5c5ccccc45)CN3C2=O)cn1	94	1
Cc1cnc(C(=O)NCCc2ccc(S(=O)(=O)NC(=O)NC3CCCCC3)cc2)cn1	21	2
Cc1cnc(C(=O)O)c[n+]1[O-]	448	2
Cc1cnc(NC(=O)C2=C(O)c3ccccc3S(=O)(=O)N2C)s1	198	3
Cc1cnc(Nc2ccc(OCCN3CCCC3)cc2)nc1Nc1cccc(S(=O)(=O)NC(C)(C)C)c1	12	2
Cc1cncc(CN2CCC(=C3c4ccc(Cl)cc4CCc4cccnc43)CC2)c1	26	4
Cc1coc2c1C(=O)C(=O)c1c-2ccc2c(C)cccc12	449	1
Cc1nc(-c2cc(C(=O)N3CCC(c4ccc(C#N)cc4)CC3)c(C)cc2C2CCC2)n[nH]1	450	0
Cc1nc(-c2ccc(OCC(C)C)c(C#N)c2)sc1C(=O)O	140	1
Cc1nc(-c2cn3c(n2)-c2ccc(-c4cnn(C(C)(C)C(N)=O)c4)cc2OCC3)n(C(C)C)n1	171	3
Cc1nc(C(=O)NCC(=O)O)c(O)c2ccc(Oc3ccccc3)cc12	106	2
Cc1nc(NC(=O)N2CCCC2C(N)=O)sc1-c1ccnc(C(C)(C)C(F)(F)F)c1	451	4
Cc1nc(Nc2ncc(C(=O)Nc3c(C)cccc3Cl)s2)cc(N2CCN(CCO)CC2)n1	13	0
Cc1nc2c(N3CCNCC3)cccc2n1S(=O)(=O)c1ccccc1	68	2
Cc1nc2ccc(CN(C)c3ccc(C(=O)NC(CCC(=O)O)C(=O)O)s3)cc2c(=O)[nH]1	41	1
Cc1nc2cccc(N)c2c(=O)n1C1CCC(=O)NC1=O	89	0
Cc1nc2n(c(=O)c1CCN1CCC(c3noc4cc(F)ccc34)CC1)CCCC2	222	3
Cc1nc2n(c(=O)c1CCN1CCC(c3noc4cc(F)ccc34)CC1)CCCC2O	222	3
Cc1ncc(CNC(=O)N(CCCl)N=O)c(N)n1	57	0
Cc1ncc(CO)c(C=O)c1O	107	3
Cc1ncc(CO)c(CO)c1O	107	3
Cc1ncc(COP(=O)(O)O)c(C=O)c1O	107	3
Cc1ncc(C[n+]2csc(CCO)c2C)c(N)n1	57	0
Cc1ncc(OCC2(c3cccc(F)c3)CC2C(=O)Nc2ccc(F)cn2)c(C)n1	452	3
Cc1ncc([N+](=O)[O-])n1CC(C)O	87	3
Cc1ncc([N+](=O)[O-])n1CC(O)CCl	87	3
Cc1ncc([N+](=O)[O-])n1CCO	87	3
Cc1ncc2c(c1O)COC2c1ccc(Cl)cc1	107	3
Cc1ncc2n1-c1ccc(Cl)cc1C(c1ccccc1F)=NC2	8	1
Cc1nccn1CC1CCc2c(c3ccccc3n2C)C1=O	218	1
Cc1nccn1CCC(C(N)=O)(c1ccccc1)c1ccccc1	4	4
Cc1ncsc1CCCl	453	2
Cc1nn(C)cc1S(=O)(=O)NC(=O)c1ccc(-n2ccc(OCC(C)(C)C(F)(F)F)n2)nc1N1CC(C)CC1(C)C	454	4
Cc1nnc(C(=O)NC(C)(C)c2nc(C(=O)NCc3ccc(F)cc3)c(O)c(=O)n2C)o1	455	3
Cc1nnc(C(C)C)n1C1CC2CCC(C1)N2CCC(NC(=O)C1CCC(F)(F)CC1)c1ccccc1	456	2
Cc1nnc(NS(=O)(=O)c2ccc(N)cc2)s1	85	3
Cc1nnc(SCC2=C(C(=O)O)N3C(=O)C(NC(=O)Cn4cnnn4)C3SC2)s1	5	4
Cc1nnc2n1-c1ccc(Br)cc1C(c1ccccc1F)=NC2	209	0
Cc1nnc2n1-c1ccc(Cl)cc1C(c1ccccc1)=NC2	8	1
Cc1nnc2n1-c1ccc(Cl)cc1C(c1ccccc1Cl)=NC2	8	1
Cc1nnc2n1-c1ccc(Cl)cc1C(c1ccccc1F)=NC2	8	1
Cc1nnc2n1-c1sc(Br)cc1C(c1ccccc1Cl)=NC2	8	1
Cc1onc(-c2c(Cl)cccc2Cl)c1C(=O)NC1C(=O)N2C1SC(C)(C)C2C(=O)O	5	4
Cc1onc(-c2c(F)cccc2Cl)c1C(=O)NC1C(=O)N2C1SC(C)(C)C2C(=O)O	5	4
Cc1onc(-c2ccccc2)c1-c1ccc(S(N)(=O)=O)cc1	81	4
Cc1onc(-c2ccccc2)c1C(=O)NC1C(=O)N2C1SC(C)(C)C2C(=O)O	5	4
Cc1onc(-c2ccccc2Cl)c1C(=O)NC1C(=O)N2C1SC(C)(C)C2C(=O)O	5	4
Cc1oncc1C(=O)Nc1ccc(C(F)(F)F)cc1	28	3
Cc1sc2c(c1C)C(c1ccc(Cl)cc1)=NC(CC(=O)NCCCN1CCN(C)CC1)c1nnc(C)n1-2	2	2
Clc1ccc(C(Cn2ccnc2)OCc2ccsc2Cl)c(Cl)c1	51	3
Clc1ccc(C(Cn2ccnc2)OCc2csc3c(Cl)cccc23)c(Cl)c1	457	1
Clc1ccc(C(OCCN2CCCCC2)c2ccccc2)cc1	2	2
Clc1ccc(C(c2ccccc2Cl)C(Cl)Cl)cc1	458	0
Clc1ccc(CCCOCCCN2CCCCC2)cc1	2	2
Clc1ccc(COC(Cn2ccnc2)c2ccc(Cl)cc2Cl)c(Cl)c1	51	3
Clc1ccc(COC(Cn2ccnc2)c2ccc(Cl)cc2Cl)cc1	51	3
Clc1ccc(Cn2c(CN3CCCC3)nc3ccccc32)cc1	52	4
Clc1ccc2c(N3CCN(CCCN4CCN(c5ccnc6cc(Cl)ccc56)CC4)CC3)ccnc2c1	2	2
Clc1ccc2c(c1)C(N1CCNCC1)=Nc1ccccc1O2	8	1
Clc1ccc2c(c1)C(c1ccccc1)=NCc1nncn1-2	8	1
Clc1ccc2c(c1)CCc1cccnc1C2=C1CCNCC1	68	2
Clc1ccc2nsnc2c1NC1=NCCN1	24	1
Clc1cccc(Cl)c1NC1=NCCN1	24	1
Clc1cccc(N2CCNCC2)c1	68	2
Clc1ccccc1C(c1ccccc1)(c1ccccc1)n1ccnc1	223	4
Clc1ccccc1CN1CCc2sccc2C1	40	2
Cn1c(=O)c2[nH]c(Br)nc2n(C)c1=O	29	2
Cn1c(=O)c2[nH]cnc2n(C)c1=O	29	2
Cn1c(=O)c2c(ncn2C)n(C)c1=O	29	2
Cn1c(=O)c2c(ncn2CC(O)CO)n(C)c1=O	29	2
Cn1c(=O)c2c(ncn2CC2OCCO2)n(C)c1=O	29	2
Cn1c(=O)cc(N2CCCC(N)C2)n(Cc2ccccc2C#N)c1=O	157	4
Cn1c(=O)n(-c2ccc(C(C)(C)C#N)cc2)c2c3cc(-c4cnc5ccccc5c4)ccc3ncc21	203	4
Cn1c(C2(NC(=O)c3ccc4c(C5CCCC5)c(-c5ncc(Br)cn5)n(C)c4c3)CCC2)nc2ccc(C=CC(=O)O)cc21	459	2
Cn1c(CCCC(=O)O)nc2cc(N(CCCl)CCCl)ccc21	0	0
Cn1c(CNc2ccc(C(=N)N)cc2)nc2cc(C(=O)N(CCC(=O)O)c3ccccn3)ccc21	41	1
Cn1c(COP(=O)(NCCBr)NCCBr)cnc1[N+](=O)[O-]	87	3
Cn1c(Cn2ccc(C(F)(F)F)c(Oc3cc(Cl)cc(C#N)c3)c2=O)n[nH]c1=O	460	1
Cn1c(NCCN(CCO)CCCc2ccc([N+](=O)[O-])cc2)cc(=O)n(C)c1=O	461	0
Cn1cc(-c2cc3c(N4CCN(c5ncc(C(C)(N)c6ccc(F)cc6)cn5)CC4)ncnn3c2)cn1	462	4
Cn1cc(C(=O)C2CCc3nc[nH]c3C2)c2ccccc21	65	3
Cn1cc(C2=C(c3cn(C4CCN(Cc5ccccn5)CC4)c4ccccc34)C(=O)NC2=O)c2ccccc21	27	3
Cn1cc(CNCC2CCN(c3ncc(C(=O)NO)cn3)CC2)c2ccccc21	65	3
Cn1cc[nH]c1=S	463	3
Cn1cnc([N+](=O)[O-])c1Sc1ncnc2nc[nH]c12	29	2
Cn1cnc2c(F)c(Nc3ccc(Br)cc3Cl)c(C(=O)NOCCO)cc21	224	0
Cn1cnc2c(F)c(Nc3ccc(Br)cc3F)c(C(=O)NOCCO)cc21	224	0
Cn1cnc2c1c(=O)[nH]c(=O)n2C	29	2
Cn1cncc1C(N)(c1ccc(Cl)cc1)c1ccc2c(c1)c(-c1cccc(Cl)c1)cc(=O)n2C	464	2
Cn1ncc(Cl)c1-c1cc(C(=O)NC(CN)Cc2ccc(F)c(F)c2)oc1Cl	465	1
Cn1ncnc1C1c2n[nH]c(=O)c3cc(F)cc(c23)NC1c1ccc(F)cc1	466	0
Cn1nnc(-c2ccc(-c3ccc(N4CC(CO)OC4=O)cc3F)cn2)n1	118	0
Cn1nnc2c(C(N)=O)ncn2c1=O	225	1
Cn1nnnc1SCC1=C(C(=O)O)N2C(=O)C(NC(=O)C(O)c3ccccc3)C2SC1	5	4
FC(F)(F)C(Cl)Br	88	2
FC(F)(F)C(F)(F)C(F)(F)F	467	4
FC(F)(F)c1ccc(CNc2ccc(Cc3c[nH]c4ncc(Cl)cc34)cn2)cn1	468	3
FC(F)OC(Cl)C(F)(F)F	88	2
FC(F)OC(F)(F)C(F)Cl	88	2
FC(F)OC(F)C(F)(F)F	88	2
FCOC(C(F)(F)F)C(F)(F)F	469	1
Fc1ccc(C(c2ccc(F)cc2)N2CCN(CC=Cc3ccccc3)CC2)cc1	52	4
Fc1ccc(C2CCNCC2COc2ccc3c(c2)OCO3)cc1	470	3
Fc1cccc(Br)c1NC1=NCCN1	24	1
Fc1ccccc1C1=NCC(=S)N(CC(F)(F)F)c2ccc(Cl)cc21	8	1
N#CC(CCN1CCC(C(N)=O)(N2CCCCC2)CC1)(c1ccccc1)c1ccccc1	12	2
N#CC1(c2ccc(NC(=O)c3cccnc3NCc3ccncc3)cc2)CCCC1	471	2
N#CC1CC2CC2N1C(=O)C(N)C12CC3CC(CC(O)(C3)C1)C2	472	1
N#CC1CCCN1C(=O)CNC12CC3CC(CC(O)(C3)C1)C2	137	0
N#CCC(C1CCCC1)n1cc(-c2ncnc3[nH]ccc23)cn1	80	3
N#CCC1(n2cc(-c3ncnc4[nH]ccc34)cn2)CN(C2CCN(C(=O)c3ccnc(C(F)(F)F)c3F)CC2)C1	80	3
N#CCCN1C(=O)C(O)N=C(c2ccccc2F)c2cc(Cl)ccc21	8	1
N#CCNC(=O)c1ccc(-c2ccnc(Nc3ccc(N4CCOCC4)cc3)n2)cc1	26	4
N#Cc1c(N(CC(=O)O)CC(=O)O)sc(C(=O)O)c1CC(=O)O	473	0
N#Cc1cc(-c2n[nH]c(-c3ccncc3)n2)ccn1	217	3
N#Cc1ccc(C(c2ccc(C#N)cc2)n2cncn2)cc1	79	0
N#Cc1ccc(C2CCc3cncn32)c(F)c1	474	4
N#Cc1ccc(Oc2ccc3c(c2)COB3O)cc1	149	1
N#Cc1ccc2[nH]cc(CCCCN3CCN(c4ccc5oc(C(N)=O)cc5c4)CC3)c2c1	475	1
N#Cc1ccc2c(c1)N(CCCN1CCC(O)CC1)c1ccccc1S2	2	2
N#Cc1cccc(C(NCC2CC2)c2ccc(F)c(NC(=O)c3cc(C(F)(F)F)nn3-c3cccc(CN)c3)c2)c1	476	0
N#Cc1ccccc1-c1cc(-c2ccccn2)cn(-c2ccccc2)c1=O	86	4
N#Cc1ccnc(N2C(=O)CCC2C(=O)N(c2cncc(F)c2)C(C(=O)NC2CC(F)(F)C2)c2ccccc2Cl)c1	477	4
N#Cc1cnc(Nc2cc(NCC3CNCCO3)c(C(F)(F)F)cn2)cn1	478	3
N=C(N)N=C(N)N	201	1
N=C(N)c1ccc(OCCCCCOc2ccc(C(=N)N)cc2)cc1	12	2
N=C(N)c1ccc2cc(OC(=O)c3ccc(N=C(N)N)cc3)ccc2c1	479	2
N=C1CCCN1Cc1[nH]c(=O)[nH]c(=O)c1Cl	141	4
N=c1nc(N2CCCCC2)cc(N)n1O	226	2
NC(=NCCCCCCN=C(N)N=C(N)Nc1ccc(Cl)cc1)N=C(N)Nc1ccc(Cl)cc1	167	4
NC(=O)C(c1ccccc1)(c1ccccc1)C1CCN(CCc2ccc3c(c2)CCO3)C1	4	4
NC(=O)C1(N2CCCCC2)CCN(CCCC(=O)c2ccc(F)cc2)CC1	12	2
NC(=O)C1(N2CCCCC2)CCN(CCCN2c3ccccc3CCc3ccccc32)CC1	2	2
NC(=O)C1CCC2CN1C(=O)N2OS(=O)(=O)O	227	3
NC(=O)C1CCCN1C(=O)C(Cc1cnc[nH]1)NC(=O)C1CCC(=O)N1	110	1
NC(=O)CC(N)C(=O)O	3	3
NC(=O)CCC(N)C(=O)O	3	3
NC(=O)CN1CCCC1=O	141	4
NC(=O)CS(=O)C(c1ccccc1)c1ccccc1	0	0
NC(=O)Cc1cccc(C(=O)c2ccccc2)c1N	12	2
NC(=O)N1CCC(CC(=O)N2CCC(C3c4ncc(Br)cc4CCc4cc(Cl)cc(Br)c43)CC2)CC1	480	1
NC(=O)N1c2ccccc2C=Cc2ccccc21	69	3
NC(=O)N1c2ccccc2CC(=O)c2ccccc21	69	3
NC(=O)N1c2ccccc2CC(O)c2ccccc21	69	3
NC(=O)N=S(=O)=O	142	1
NC(=O)NC(CCC(=O)O)C(=O)O	3	3
NC(=O)NO	142	1
NC(=O)OC(Cn1ncnn1)c1ccccc1Cl	108	4
NC(=O)OCC(COC(N)=O)c1ccccc1	0	0
NC(=O)OCC(N)Cc1ccccc1	0	0
NC(=O)OCC(O)COc1ccc(Cl)cc1	14	1
NC(=O)c1ccc(I)c([N+](=O)[O-])c1	44	3
NC(=O)c1ccc2c(c1O)C13CCN(CC4CC4)C(C2)C1(O)CCC(=O)C3	11	0
NC(=O)c1cccc2cn(-c3ccc(C4CCCNC4)cc3)nc12	175	1
NC(=O)c1ccccc1O	0	0
NC(=O)c1cn(Cc2c(F)cccc2F)nn1	481	0
NC(=O)c1cnccn1	45	0
NC(=O)c1nc(F)c[nH]c1=O	225	1
NC(=O)c1ncn(C2OC(CO)C(O)C2O)c1O	10	3
NC(=O)c1ncn(C2OC(CO)C(O)C2O)n1	10	3
NC(C(=O)NC1C(=O)N2C(C(=O)O)=C(Cl)CSC12)c1ccccc1	5	4
NC(C(=O)O)C(O)c1ccc(O)c(O)c1	3	3
NC(CC(=O)N1CCn2c(nnc2C(F)(F)F)C1)Cc1cc(F)c(F)cc1F	164	2
NC(CC(=O)O)C(=O)O	3	3
NC(CC(=O)O)C(=O)[O-]	3	3
NC(CC(=O)[O-])C(=O)O	3	3
NC(CCC(=O)NC(CS)C(=O)NCC(=O)O)C(=O)O	3	3
NC(CCC(=O)O)C(=O)O	0	0
NC(CO)(CO)CO	58	1
NC(CO)C(=O)NNCc1ccc(O)c(O)c1O	482	4
NC(CS)C(=O)O	3	3
NC(CSCC(=O)O)C(=O)O	3	3
NC(Cc1c[nH]c2ccc(O)cc12)C(=O)O	3	3
NC(Cc1c[nH]c2ccccc12)C(=O)O	3	3
NC(Cc1cc(I)c(Oc2cc(I)c(O)c(I)c2)c(I)c1)C(=O)O	3	3
NC(Cc1cc(I)c(Oc2ccc(O)c(I)c2)c(I)c1)C(=O)O	3	3
NC(Cc1ccc(N(CCCl)CCCl)cc1)C(=O)O	3	3
NC(Cc1ccc(O)c(O)c1)C(=O)O	3	3
NC(Cc1ccc(O)cc1)C(=O)O	0	0
NC(N)=NC(=O)Cc1c(Cl)cccc1Cl	108	4
NC(N)=NC(=O)c1nc(Cl)c(N)nc1N	108	4
NC(N)=NCCCC(N)C(=O)O	3	3
NC(N)=NCCN1CCCCCCC1	483	4
NC(N)=NCc1cccc(I)c1	108	4
NC(N)=Nc1nc(CSCCC(N)=NS(N)(=O)=O)cs1	131	2
NC(N)=O	63	0
NC1(c2ccc(-c3nc4ccn5c(=O)[nH]nc5c4cc3-c3ccccc3)cc2)CCC1	484	1
NC1(c2ccccc2Cl)CCCCC1=O	207	3
NC12CC3CC(CC(C3)C1)C2	176	3
NC1=NCC2c3ccccc3Cc3ccccc3N12	69	3
NC1C(O)OC(CO)C(O)C1O	10	3
NC1CC1c1ccccc1	54	4
NC1CCCCN(c2c(F)cc3c(=O)c(C(=O)O)cn(C4CC4)c3c2Cl)C1	16	4
NC1CCN(c2nc3c(cc2F)c(=O)c(C(=O)O)cn3-c2ccc(F)cc2F)C1	16	4
NC1CN(c2c(F)cc3c(=O)c(C(=O)O)cn(C4CC4F)c3c2Cl)CC12CC2	16	4
NC1CONC1=O	228	4
NC1c2cccnc2C(OC(=O)N2CCC(n3c(=O)[nH]c4ncccc43)CC2)CCC1c1cccc(F)c1F	27	3
NCC(=O)CCC(=O)O	0	0
NCC(=O)O	0	0
NCC(CC(=O)O)c1ccc(Cl)cc1	3	3
NCC(CC(=O)O)c1ccccc1	0	0
NCC(O)CC(=O)O	3	3
NCC(O)c1ccc(O)c(O)c1	7	2
NCC1(CC(=O)O)CCCCC1	3	3
NCC1CCC(C(=O)O)CC1	110	1
NCCC(O)(P(=O)(O)O)P(=O)(O)O	36	2
NCCC(Oc1ccc(C(F)(F)F)cc1)c1ccccc1	66	0
NCCCC(=O)O	0	0
NCCCC(N)C(=O)O	3	3
NCCCC(O)(P(=O)(O)O)P(=O)(O)O	36	2
NCCCCC(N)C(=O)O	3	3
NCCCCC(NC(CCc1ccccc1)C(=O)O)C(=O)N1CCCC1C(=O)O	0	0
NCCCCCC(=O)O	0	0
NCCCN(CCCN)CCCCN(CCCN)CCCN	485	0
NCCCNCCCCNC(=O)C(O)NC(=O)CCCCCCN=C(N)N	112	1
NCCCNCCSP(=O)(O)O	486	2
NCCNCCNCCN	58	1
NCCNc1ccc(NCCN)c2c1C(=O)c1ccncc1C2=O	229	0
NCCO	58	1
NCCS	58	1
NCCS(=O)(=O)O	58	1
NCCc1c[nH]c2ccc(O)cc12	39	3
NCCc1ccc(O)c(O)c1	7	2
NCCc1ccc(O)cc1	28	3
NCCc1ccccc1	0	0
NCCc1cnc[nH]1	487	1
NNC(=O)c1ccncc1	70	3
NNCCc1ccccc1	0	0
NNc1nnc(NN)c2ccccc12	230	3
NNc1nncc2ccccc12	230	3
NS(=O)(=O)Cc1noc2ccccc12	488	0
NS(=O)(=O)NCCNc1nonc1C(=Nc1ccc(F)c(Br)c1)NO	489	4
NS(=O)(=O)OCC1CC(n2ccc3c(NC4CCc5ccccc54)ncnc32)CC1O	73	4
NS(=O)(=O)c1cc(-c2nn[nH]n2)c(NCc2cccs2)cc1Cl	13	0
NS(=O)(=O)c1cc(C(=O)O)c(NCc2ccco2)cc1Cl	13	0
NS(=O)(=O)c1cc(C(=O)O)cc(N2CCCC2)c1Oc1ccccc1	128	0
NS(=O)(=O)c1cc(C2(O)NC(=O)c3ccccc32)ccc1Cl	13	0
NS(=O)(=O)c1cc(Cl)c(Cl)c(S(N)(=O)=O)c1	13	0
NS(=O)(=O)c1cc2c(cc1C(F)(F)F)NC(Cc1ccccc1)NS2(=O)=O	154	1
NS(=O)(=O)c1cc2c(cc1Cl)NC(C(Cl)Cl)NS2(=O)=O	13	0
NS(=O)(=O)c1cc2c(cc1Cl)NC=NS2(=O)=O	13	0
NS(=O)(=O)c1cc2c(cc1Cl)NCNS2(=O)=O	13	0
NS(=O)(=O)c1ccc(N2CCCCS2(=O)=O)cc1	221	2
Nc1[nH]c(=O)ncc1F	143	2
Nc1c(Br)cc(Br)cc1CNC1CCC(O)CC1	204	0
Nc1c(CC(=O)O)cccc1C(=O)c1ccc(Br)cc1	12	2
Nc1cc(C(F)(F)F)c(-c2cc(N3CCOCC3)nc(N3CCOCC3)n2)cn1	490	3
Nc1cc(Cl)c(NC2=NCCN2)c(Cl)c1	24	1
Nc1cc(F)ccc1NC(=O)c1ccc(CNC(=O)C=Cc2cccnc2)cc1	26	4
Nc1ccc(C(=O)O)c(O)c1	6	3
Nc1ccc(C(=O)O)cc1	6	3
Nc1ccc(N=Nc2ccccc2)c(N)n1	90	1
Nc1ccc(O)c(C(=O)O)c1	6	3
Nc1ccc(S(=O)(=O)Nc2ncccn2)cc1	33	4
Nc1ccc(S(=O)(=O)c2ccc(N)cc2)cc1	6	3
Nc1ccc(S(N)(=O)=O)cc1	6	3
Nc1ccc2c(c1)C(c1ccccc1)=NCC(=O)N2	8	1
Nc1ccc2c(c1)C(c1ccccc1Cl)=NCC(=O)N2	8	1
Nc1cccc2c1C(=O)N(C1CCC(=O)NC1=O)C2=O	89	0
Nc1cccc2c1CN(C1CCC(=O)NC1=O)C2=O	89	0
Nc1ccccc1NC(=O)c1ccc(CNC(=O)OCc2cccnc2)cc1	26	4
Nc1ccccc1NC(=O)c1ccc(CNc2nccc(-c3cccnc3)n2)cc1	26	4
Nc1ccn(C2COC(CO)S2)c(=O)n1	10	3
Nc1ccn(C2CSC(CO)O2)c(=O)n1	10	3
Nc1ccn(C2OC(CO)C(O)C2(F)F)c(=O)n1	10	3
Nc1ccn(C2OC(CO)C(O)C2O)c(=O)n1	10	3
Nc1ccn(CC(CO)OCP(=O)(O)O)c(=O)n1	34	0
Nc1ccnc(=O)[nH]1	143	2
Nc1ccncc1	143	2
Nc1ccncc1N	229	0
Nc1nc(=O)n(C2CSC(CO)O2)cc1F	10	3
Nc1nc(=S)c2[nH]cnc2[nH]1	491	4
Nc1nc(C(=CCC(=O)O)C(=O)NC2C(=O)N3C(C(=O)O)=CCSC23)cs1	5	4
Nc1nc(CC(=O)Nc2ccc(CCNCC(O)c3ccccc3)cc2)cs1	231	1
Nc1nc(Cl)nc2c1ncn2C1CC(O)C(CO)O1	10	3
Nc1nc(Cl)nc2c1ncn2C1OC(CO)C(O)C1F	10	3
Nc1nc(F)nc2c1ncn2C1OC(CO)C(O)C1O	10	3
Nc1nc(N)c2nc(-c3ccccc3)c(N)nc2n1	90	1
Nc1nc(N)nc(-c2cc(Cl)ccc2Cl)n1	8	1
Nc1nc(NC2CC2)c2ncn(C3C=CC(CO)C3)c2n1	10	3
Nc1nc2[nH]cc(CCc3ccc(C(=O)NC(CCC(=O)O)C(=O)O)cc3)c2c(=O)[nH]1	41	1
Nc1nc2c(c(=O)[nH]1)N(C=O)C(CNc1ccc(C(=O)NC(CCC(=O)O)C(=O)O)cc1)CN2	41	1
Nc1nc2c(ncn2COC(CO)CO)c(=O)[nH]1	34	0
Nc1nc2c(ncn2COCCO)c(=O)[nH]1	34	0
Nc1nc2ccc(OC(F)(F)F)cc2s1	208	4
Nc1nc2ncc(CNc3ccc(C(=O)NC(CCC(=O)O)C(=O)O)cc3)nc2c(=O)[nH]1	41	1
Nc1ncn(C2CC(O)C(CO)O2)c(=O)n1	10	3
Nc1ncn(C2OC(CO)C(O)C2O)c(=O)n1	10	3
Nc1ncnc2c1ncn2C1OC(CO)C(O)C1O	10	3
Nc1ncnc2c1ncn2CCOCP(=O)(O)O	34	0
Nc1nnc(-c2cccc(Cl)c2Cl)c(N)n1	90	1
O=C(C1CC1)N(c1ccccc1)C1CCN(CCc2ccccc2)CC1	0	0
O=C(C1CCCCC1)N1CC(=O)N2CCc3ccccc3C2C1	73	4
O=C(C=Cc1ccc(O)c(O)c1C=Cc1ccc(O)c(O)c1)OC(Cc1ccc(O)c(O)c1)C(=O)O	492	3
O=C(C=Cc1cccc(S(=O)(=O)Nc2ccccc2)c1)NO	33	4
O=C(C=Cn1cnc(-c2cc(C(F)(F)F)cc(C(F)(F)F)c2)n1)NNc1cnccn1	493	2
O=C(CCBr)N1CCN(C(=O)CCBr)CC1	125	3
O=C(CCCC=CCC1C(O)CC(O)C1CCC(O)CCc1ccccc1)OCCCCO[N+](=O)[O-]	19	1
O=C(CCCCCCC(=O)Nc1ccccc1)NO	0	0
O=C(CCCCCCNC(=O)c1cnc(N(c2ccccc2)c2ccccc2)nc1)NO	70	3
O=C(CCCN1CC=C(n2c(=O)[nH]c3ccccc32)CC1)c1ccc(F)cc1	27	3
O=C(CCCN1CCC(O)(c2ccc(Br)cc2)CC1)c1ccc(F)cc1	27	3
O=C(CCCN1CCC(O)(c2ccc(Cl)cc2)CC1)c1ccc(F)cc1	27	3
O=C(CCCN1CCC(n2c(=O)[nH]c3ccccc32)CC1)c1ccc(F)cc1	27	3
O=C(CCCN1CCC(n2c(=S)[nH]c3ccccc32)CC1)c1ccc(F)cc1	27	3
O=C(CCCc1ccccc1)OCC(COC(=O)CCCc1ccccc1)OC(=O)CCCc1ccccc1	0	0
O=C(CS(=O)Cc1ccco1)NCC=CCOc1cc(CN2CCCCC2)ccn1	494	1
O=C(Cc1cccc(OC(F)(F)F)c1)Nc1ccc(CCCCc2nnc(NC(=O)Cc3ccccn3)s2)nn1	495	0
O=C(Cc1cccs1)NC1C(=O)N2C(C(=O)[O-])=C(C[n+]3ccccc3)CSC12	5	4
O=C(NC(CO)C(O)c1ccc([N+](=O)[O-])cc1)C(Cl)Cl	44	3
O=C(NC(Cc1cc(=O)[nH]c2ccccc12)C(=O)O)c1ccc(Cl)cc1	41	1
O=C(NC1CCN(CCCCC2(C(=O)NCC(F)(F)F)c3ccccc3-c3ccccc32)CC1)c1ccccc1-c1ccc(C(F)(F)F)cc1	496	4
O=C(NC1CCNCC1)C1CCC2CN1C(=O)N2OS(=O)(=O)O	227	3
O=C(NCC1CCCCN1)c1cc(OCC(F)(F)F)ccc1OCC(F)(F)F	21	2
O=C(NCC1CN(c2ccc(N3CCOCC3=O)cc2)C(=O)O1)c1ccc(Cl)s1	56	3
O=C(NCCN1CCOCC1)c1ccc(Cl)cc1	497	2
O=C(NCCO[N+](=O)[O-])c1cccnc1	70	3
O=C(NCc1c(F)cc(F)cc1F)c1cn2c(c(O)c1=O)C(=O)N1C3CCC(C3)OC1C2	498	2
O=C(NN=Cc1ccc([N+](=O)[O-])o1)c1ccc(O)cc1	109	1
O=C(Nc1c(Cl)cncc1Cl)c1ccc(OC(F)F)c(OCC2CC2)c1	499	1
O=C(Nc1ccc(CC2CCC(C(O)c3ccccc3)N2)cc1)C1CCc2nccc(=O)n21	231	1
O=C(Nc1ccc(OC(F)(F)Cl)cc1)c1cnc(N2CCC(O)C2)c(-c2ccn[nH]2)c1	144	3
O=C(Nc1cccc2c(=O)cc(-c3nn[nH]n3)oc12)c1ccc(OCCCCc2ccccc2)cc1	500	0
O=C(Nc1cnn2ccc(N3CCCC3c3cc(F)ccc3F)nc12)N1CCC(O)C1	501	4
O=C(Nc1nc(-c2cc(Cl)cs2)c(N2CCN(C3CCCCC3)CC2)s1)c1cnc(N2CCC(C(=O)O)CC2)c(Cl)c1	144	3
O=C(Nc1nc2cccc(-c3ccc(CN4CCS(=O)(=O)CC4)cc3)n2n1)C1CC1	26	4
O=C(O)C(CC(=O)N1CC2CCCCC2C1)Cc1ccccc1	0	0
O=C(O)C(O)C(O)C(=O)O	3	3
O=C(O)C1=C(CSc2nnnn2CS(=O)(=O)O)CSC2C(NC(=O)C(O)c3ccccc3)C(=O)N12	5	4
O=C(O)C1C(=CCO)OC2CC(=O)N21	99	4
O=C(O)C1CSCN1	110	1
O=C(O)C1N=C(c2ccccc2)c2cc(Cl)ccc2NC1=O	8	1
O=C(O)C=CC(=O)O	67	1
O=C(O)C=Cc1ccc(Cn2ccnc2)cc1	138	3
O=C(O)CC(O)(CC(=O)O)C(=O)O	3	3
O=C(O)CC(O)(CC(=O)O)C(=O)[O-]	3	3
O=C(O)CC(O)CC(O)C=Cc1c(C2CC2)nc2ccccc2c1-c1ccc(F)cc1	76	4
O=C(O)CCC(=O)O	0	0
O=C(O)CCCCC(CCSCc1ccccc1)SCc1ccccc1	0	0
O=C(O)CCCCC1CCSS1	0	0
O=C(O)CCCCC1SCC2NC(=O)NC21	0	0
O=C(O)CCCCCCCC(=O)O	0	0
O=C(O)CCCN1CCC(OC(c2ccc(Cl)cc2)c2ccccn2)CC1	0	0
O=C(O)CCCO	0	0
O=C(O)CCCc1ccc(N(CCCl)CCCl)cc1	0	0
O=C(O)CCCc1ccccc1	0	0
O=C(O)CCNC(=O)c1ccc(N=Nc2ccc(O)c(C(=O)O)c2)cc1	33	4
O=C(O)CCc1nc(-c2ccccc2)c(-c2ccccc2)o1	0	0
O=C(O)CN(CCN(CC(=O)O)CC(=O)O)CC(=O)O	3	3
O=C(O)CN(CCN(CC(=O)O)CC(=O)O)CCN(CC(=O)O)CC(=O)O	3	3
O=C(O)CNC(=O)C1C(=O)N(C2CCCCC2)C(=O)N(C2CCCCC2)C1=O	122	1
O=C(O)CNC(=O)c1ncc(-c2cccc(Cl)c2)cc1O	106	2
O=C(O)CNCP(=O)(O)O	502	0
O=C(O)COC(=O)Cc1ccccc1Nc1c(Cl)cccc1Cl	24	1
O=C(O)COCCN1CCN(C(c2ccccc2)c2ccc(Cl)cc2)CC1	2	2
O=C(O)CSCC(=O)NC1CCSC1=O	503	2
O=C(O)CSc1nnc(Br)n1-c1ccc(C2CC2)c2ccccc12	504	1
O=C(O)Cc1cc(I)c(Oc2ccc(O)c(I)c2)c(I)c1	106	2
O=C(O)Cc1ccc(-c2ccccc2)cc1	0	0
O=C(O)Cc1ccccc1	0	0
O=C(O)Cc1ccccc1Nc1c(Cl)cccc1Cl	0	0
O=C(O)O	3	3
O=C(O)P(=O)(O)O	36	2
O=C(O)c1cc(-c2ccc(F)cc2F)ccc1O	16	4
O=C(O)c1cc(=O)c2c(OCC(O)COc3cccc4oc(C(=O)O)cc(=O)c34)cccc2o1	23	0
O=C(O)c1cc(N=Nc2ccc(S(=O)(=O)Nc3ccccn3)cc2)ccc1O	33	4
O=C(O)c1cc(O)c2c(c1)C(=O)c1cccc(O)c1C2=O	43	4
O=C(O)c1ccc(-n2nc(-c3ccccc3O)nc2-c2ccccc2O)cc1	91	2
O=C(O)c1ccc2nc(-c3cc(Cl)cc(Cl)c3)oc2c1	91	2
O=C(O)c1cccc(-c2noc(-c3ccccc3F)n2)c1	91	2
O=C(O)c1ccccc1	0	0
O=C(O)c1ccccc1O	0	0
O=C(O)c1cccnc1	0	0
O=C(O)c1cccnc1Nc1cccc(C(F)(F)F)c1	33	4
O=C(O)c1cn(C2CC2)c2cc(N3CCNCC3)c(F)cc2c1=O	16	4
O=C(O)c1nc(=O)[nH]c(=O)[nH]1	505	1
O=C(OC1CC2CC3CC(C1)N2CC3=O)c1c[nH]c2ccccc12	146	3
O=C(OC1CC2CCC(C1)[N+]21CCCC1)C(O)(c1ccccc1)c1ccccc1	4	4
O=C(OC1CN2CCC1CC2)N1CCc2ccccc2C1c1ccccc1	4	4
O=C(OC1C[N+]2(CCCOc3ccccc3)CCC1CC2)C(O)(c1cccs1)c1cccs1	105	0
O=C(OCCN1CCOCC1)c1cccnc1Nc1cccc(C(F)(F)F)c1	12	2
O=C(OCCOCCO)c1ccccc1Nc1cccc(C(F)(F)F)c1	506	4
O=C(OOC(=O)c1ccccc1)c1ccccc1	0	0
O=C(Oc1ccccc1C(=O)O)c1ccccc1O	33	4
O=C([O-])C(O)C(O)C(=O)O	3	3
O=C([O-])C(O)C(O)C(O)C(O)CO	232	0
O=C([O-])CC(O)(CC(=O)O)C(=O)[O-]	507	3
O=C([O-])CCCO	20	3
O=C([O-])O	3	3
O=C([O-])[O-]	35	1
O=C(c1cc(Cc2n[nH]c(=O)c3ccccc23)ccc1F)N1CCN(C(=O)C2CC2)CC1	103	3
O=C(c1ccc(F)c(F)c1Nc1ccc(I)cc1F)N1CC(O)(C2CCCCN2)C1	158	3
O=C(c1ccc(OCCN2CCCCC2)cc1)c1c(-c2ccc(O)cc2)sc2cc(O)ccc12	12	2
O=C(c1ccccc1)C(O)c1ccccc1	0	0
O=C(c1ccccc1)c1ccc2n1CCC2C(=O)O	508	2
O=C(c1ccco1)N(c1ccccc1)C1CCN(CCc2ccccc2)CC1	0	0
O=C1C(=O)c2ccccc2C(O)=C1C1CCC(c2ccc(Cl)cc2)CC1	43	4
O=C1C(CCC(O)c2ccc(F)cc2)C(c2ccc(O)cc2)N1c1ccc(F)cc1	509	1
O=C1C(c2[nH]c3ccc(S(=O)(=O)O)cc3c2O)=Nc2ccc(S(=O)(=O)O)cc21	510	0
O=C1C2C3CCC(C3)C2C(=O)N1CC1CCCCC1CN1CCN(c2nsc3ccccc23)CC1	145	2
O=C1C2C3CCC(C3)C2C(=O)N1CCCCN1CCN(c2ncccn2)CC1	145	2
O=C1C2CCCCC2C(=O)N1CCCCN1CCN(c2nsc3ccccc23)CC1	2	2
O=C1CC2(CCCC2)CC(=O)N1CCCCN1CCN(c2ncccn2)CC1	145	2
O=C1CCC(C(=O)O)N1	110	1
O=C1CCC(N2C(=O)c3ccccc3C2=O)C(=O)N1	89	0
O=C1CCC2(O)C3Cc4ccc(O)c5c4C2(CCN3CC2CC2)C1O5	11	0
O=C1CCCC(=O)C1C(=O)c1ccc(C(F)(F)F)cc1[N+](=O)[O-]	511	4
O=C1CCCCC1CN1CCCCC1	160	1
O=C1CCCO1	512	0
O=C1CCc2cc(OCCCCc3nnnn3C3CCCCC3)ccc2N1	513	0
O=C1CCc2ccc(OCCCCN3CCN(c4cccc(Cl)c4Cl)CC3)cc2N1	2	2
O=C1CN(N=Cc2ccc(-c3ccc([N+](=O)[O-])cc3)o2)C(=O)N1	109	1
O=C1CN(N=Cc2ccc([N+](=O)[O-])o2)C(=O)N1	109	1
O=C1CN2CCOC2(c2ccccc2Cl)c2cc(Cl)ccc2N1	8	1
O=C1CN2Cc3c(ccc(Cl)c3Cl)N=C2N1	514	4
O=C1CN=C(c2ccccc2)c2cc(Cl)ccc2N1	8	1
O=C1CN=C(c2ccccc2)c2cc(Cl)ccc2N1CC1CC1	8	1
O=C1CN=C(c2ccccc2)c2cc([N+](=O)[O-])ccc2N1	8	1
O=C1CN=C(c2ccccc2Cl)c2cc(Br)ccc2N1	8	1
O=C1CN=C(c2ccccc2Cl)c2cc(Cl)ccc2N1	8	1
O=C1CN=C(c2ccccc2Cl)c2cc([N+](=O)[O-])ccc2N1	8	1
O=C1CN=C(c2ccccc2F)c2cc(Br)ccc2N1	8	1
O=C1CN=C(c2ccccn2)c2cc(Br)ccc2N1	8	1
O=C1Cc2cc(CCN3CCN(c4nsc5ccccc45)CC3)c(Cl)cc2N1	8	1
O=C1NC(=O)C(c2ccccc2)(c2ccccc2)N1	15	3
O=C1NC(=O)C(c2cn3c4c(cccc24)CCC3)C1c1c[nH]c2ccccc12	146	3
O=C1NC(O)CCN1C1OC(CO)C(O)C1(F)F	515	3
O=C1NC(O)CCN1C1OC(CO)C(O)C1O	10	3
O=C1NC(c2ccccc2)(c2ccccc2)C(=O)N1COP(=O)(O)O	15	3
O=C1NCC2(CCN(CCc3ccccc3)CC2)O1	0	0
O=C1NCCN1CCN1CCC(c2cn(-c3ccc(F)cc3)c3ccc(Cl)cc23)CC1	27	3
O=C1NCN(c2ccccc2)C12CCN(CCCC(c1ccc(F)cc1)c1ccc(F)cc1)CC2	27	3
O=C1NOCC1N=Cc1ccc(C=NC2CONC2=O)cc1	228	4
O=C1Nc2ccc(Cl)cc2C(C#CC2CC2)(C(F)(F)F)O1	516	3
O=C1Nc2ccc(Cl)cc2C(c2ccccc2)=NC1O	8	1
O=C1Nc2ccc(Cl)cc2C(c2ccccc2Cl)=NC1O	8	1
O=C1OC(C(O)CO)C(O)=C1O	517	1
O=C1OC(c2ccc(O)cc2)(c2ccc(O)cc2)c2ccccc21	43	4
O=C1OC2(c3ccc(O)cc3Oc3cc(O)ccc32)c2ccccc21	518	1
O=C1OCCN1N=Cc1ccc([N+](=O)[O-])o1	109	1
O=C1c2c(O)ccc(O)c2C(=O)c2c(NCCNCCO)ccc(NCCNCCO)c21	43	4
O=C1c2c(O)cccc2C(C2OC(CO)C(O)C(O)C2O)c2cc(CO)cc(O)c21	10	3
O=C1c2cccc(O)c2C(=O)c2c(O)cccc21	43	4
O=C1c2cccc3c2C(CCC3)CN1C1CN2CCC1CC2	89	0
O=C1c2ccccc2C(=O)C1c1ccc(F)cc1	53	4
O=C=O	519	0
O=CC(F)C(O)C(O)C(O)CO	232	0
O=NN(CCCl)C(=O)NC1CCCCC1	57	0
O=NN(CCCl)C(=O)NCCCl	57	0
O=P(O)(O)C(Cl)(Cl)P(=O)(O)O	36	2
O=P(O)(O)C(O)(Cc1cccnc1)P(=O)(O)O	70	3
O=P(O)(O)C(O)(Cc1cnc2ccccn12)P(=O)(O)O	520	4
O=P(O)(O)C(O)(Cn1ccnc1)P(=O)(O)O	36	2
O=P(O)(O)C(O)P(=O)(O)O	36	2
O=P(O)(O)OCC(Cl)(Cl)Cl	521	3
O=P([O-])(O)OCC(O)CO	23	0
O=P1(N(CCCl)CCCl)NCCCO1	147	4
O=P1(N(CCCl)CCCl)OCCCN1CCCl	147	4
O=P1(NCCCl)OCCCN1CCCl	147	4
O=S(=O)(O)Oc1ccc(C(c2ccc(OS(=O)(=O)O)cc2)c2ccccn2)cc1	61	0
O=S(=O)(O)c1cc(O)ccc1O	44	3
O=S(=O)([O-])Oc1ccc(C(c2ccc(OS(=O)(=O)O)cc2)c2ccccn2)cc1	61	0
O=S(=O)(c1cccc2cnccc12)N1CCCNCC1	68	2
O=S1(=O)CCN(CN2CCS(=O)(=O)NC2)CN1	522	2
O=[N+]([O-])OC1COC2C(O)COC12	148	0
O=[N+]([O-])OC1COC2C(O[N+](=O)[O-])COC12	148	0
O=[N+]([O-])OCC(CO[N+](=O)[O-])(CO[N+](=O)[O-])CO[N+](=O)[O-]	120	3
O=[N+]([O-])OCC(CO[N+](=O)[O-])O[N+](=O)[O-]	120	3
O=[N+]([O-])OCCN(CCO[N+](=O)[O-])CCO[N+](=O)[O-]	70	3
O=[N+]([O-])c1ccc(O)c([N+](=O)[O-])c1	44	3
O=[N+]([O-])c1ccc(O)c2ncccc12	44	3
O=[N+]([O-])c1cn2c(n1)OCC(OCc1ccc(OC(F)(F)F)cc1)C2	174	2
O=c1[nH]c(=O)n(C2CC(O)C(CO)O2)cc1C(F)(F)F	10	3
O=c1[nH]c(=O)n(C2CC(O)C(CO)O2)cc1C=CBr	71	2
O=c1[nH]c(=O)n(C2CC(O)C(CO)O2)cc1F	10	3
O=c1[nH]c(=O)n(C2CCCO2)cc1F	71	2
O=c1[nH]c2cc(Cl)ccc2o1	523	1
O=c1[nH]c2ccccc2n1C1CCN(CCCC(c2ccc(F)cc2)c2ccc(F)cc2)CC1	27	3
O=c1[nH]c2ccccc2n1CCCN1CCC(n2c(=O)[nH]c3cc(Cl)ccc32)CC1	2	2
O=c1[nH]c2ccccc2n1CCCN1CCN(C(c2ccccc2)c2ccccc2)CC1	27	3
O=c1[nH]c2ccccc2n1CCN1CCN(c2cccc(C(F)(F)F)c2)CC1	27	3
O=c1[nH]cc(F)c(=O)[nH]1	71	2
O=c1[nH]cnc2[nH]ncc12	29	2
O=c1[nH]cnc2c1ncn2C1CCC(CO)O1	10	3
O=c1[nH]cnc2c1ncn2C1OC(CO)C(O)C1O	10	3
O=c1c(O)c(-c2ccc(O)c(O)c2)oc2cc(O)cc(O)c12	524	0
O=c1cc(O)c(Cl)c[nH]1	525	4
O=c1cc[nH]c(=O)[nH]1	526	1
O=c1ccc2cc3ccoc3cc2o1	133	0
O=c1ccc2ccc(OCCCCN3CCN(c4cccc5sccc45)CC3)cc2[nH]1	527	3
O=c1ccc2ccccc2o1	133	0
O=c1cccc2n1CC1CNCC2C1	528	3
O=c1n(CCCN2CCN(c3cccc(Cl)c3)CC2)nc2ccccn12	2	2
OB1OCc2cc(F)ccc21	149	1
OC(CCN1CCCC1)(c1ccccc1)C1CCCCC1	4	4
OC(CCN1CCCCC1)(c1ccccc1)C1CC2C=CC1C2	12	2
OC(CCN1CCCCC1)(c1ccccc1)C1CCCCC1	4	4
OC(CCN1CCCCC1)(c1ccccc1)c1ccccc1	4	4
OC(CNCC(O)C1CCc2cc(F)ccc2O1)C1CCc2cc(F)ccc2O1	149	1
OC(Cn1cncn1)(Cn1cncn1)c1ccc(F)cc1F	39	3
OC(O)C(Cl)(Cl)Cl	529	3
OC(c1cc(C(F)(F)F)nc2c(C(F)(F)F)cccc12)C1CCCCN1	530	2
OC(c1ccccc1)(c1ccccc1)C12CC[N+](CCOCc3ccccc3)(CC1)CC2	105	0
OC1C(O)C(O)C(O)C(O)C1O	531	3
OC1COC2C(O)COC12	148	0
OCC(CO)(CO)CO	532	4
OCC(CO)NC1CC(O)(CO)C(O)C(O)C1O	533	0
OCC(O)C(O)C(O)C(O)CO	78	4
OCC(O)CO	23	0
OCC1(O)OCC(O)C(O)C1O	111	0
OCC1NCC(O)C(O)C1O	111	0
OCC1OC(O)C(O)C(O)C1O	10	3
OCC1OC(OC2(CCl)OC(CCl)C(O)C2O)C(O)C(O)C1Cl	534	1
OCC1OC(Oc2ccc(O)cc2)C(O)C(O)C1O	10	3
OCC1OC(c2ccc(Cl)c(Cc3ccc(OC4CCOC4)cc3)c2)C(O)C(O)C1O	47	0
OCC1OC(c2ccc(F)c(Cc3cc4ccccc4s3)c2)C(O)C(O)C1O	47	0
OCC1OC(n2cnc3c2NC=NCC3O)CC1O	10	3
OCCN(CCO)CCO	58	1
OCCN(CCO)c1nc(N2CCCCC2)c2nc(N(CCO)CCO)nc(N3CCCCC3)c2n1	226	2
OCCN1CC(O)C(O)C(O)C1CO	111	0
OCCN1CCN(CCC=C2c3ccccc3Sc3ccc(C(F)(F)F)cc32)CC1	2	2
OCCN1CCN(CCC=C2c3ccccc3Sc3ccc(Cl)cc32)CC1	2	2
OCCN1CCN(CCCN2c3ccccc3C=Cc3ccccc32)CC1	2	2
OCCN1CCN(CCCN2c3ccccc3Sc3ccc(C(F)(F)F)cc32)CC1	2	2
OCCN1CCN(CCCN2c3ccccc3Sc3ccc(Cl)cc32)CC1	2	2
OCCO	20	3
OCCOCCN1CCN(C(c2ccccc2)c2ccc(Cl)cc2)CC1	2	2
OCCOCCN1CCN(C2=Nc3ccccc3Sc3ccccc32)CC1	2	2
OCCOc1ccc(C(=C(CCCl)c2ccccc2)c2ccccc2)cc1	12	2
OCc1cc(C(O)CNCCCCCCOCCCCc2ccccc2)ccc1O	7	2
OCc1cc(C(O)CNCCCCCCOCCOCc2c(Cl)cccc2Cl)ccc1O	7	2
OCc1ccccc1	0	0
Oc1c(Cl)cc(Cl)c(Cl)c1Cc1c(O)c(Cl)cc(Cl)c1Cl	535	2
Oc1c(I)cc(Cl)c2cccnc12	536	4
Oc1cc(O)cc(O)c1	537	2
Oc1ccc(C2CNCCc3c2cc(O)c(O)c3Cl)cc1	538	3
Oc1ccc(O)cc1	28	3
Oc1ccc2c(c1)C13CCCCC1(O)C(C2)N(CC1CCC1)CC3	166	1
Oc1ccc2c3c1OC1C(O)CCC4(O)C(C2)N(CC2CCC2)CCC314	11	0
Oc1cccc2cccnc12	43	4
Oc1ccccc1	0	0
S=P(N1CC1)(N1CC1)N1CC1	539	4
S=c1nc[nH]c2nc[nH]c12	29	2
c1c[nH]cn1	540	0
c1cc(CN2CCCNCCNCCCNCC2)ccc1CN1CCCNCCNCCCNCC1	52	4
c1ccc(-c2ccc(C(c3ccccc3)n3ccnc3)cc2)cc1	223	4
c1ccc(C2(N3CCCCC3)CCCCC2)cc1	46	4
c1ccc(C2(c3ccccc3)CC2C2=NCCN2)cc1	24	1
c1ccc(C2CN3CCSC3=N2)cc1	54	4
c1ccc(CC2=NCCN2)cc1	24	1
c1ccc(CN(CC2=NCCN2)c2ccccc2)cc1	24	1
c1ccc2[nH]c(-c3cscn3)nc2c1	82	0
c1ccc2c(CC3=NCCN3)cccc2c1	24	1
c1ccc2c(c1)CCCC2C1=NCCN1	24	1
c1ccc2c(c1)Nc1ccccc1S2	150	0
c1ccc2c(c1)Sc1ccccc1N2CC1CN2CCC1CC2	2	2
c1ccc2cccc-2cc1	90	1
c1cnc(N2CCN(Cc3ccc4c(c3)OCO4)CC2)nc1	62	4
c1cnc2cc3c(cc2n1)C1CNCC3C1	541	0
